Month,Crude Oil Exports,Distillate Fuel Oil Exports,Propane Exports,Total Hydrocarbon Gas Liquids Exports,Jet Fuel Exports,Finished Motor Gasoline Exports,Residual Fuel Oil Exports,Other Petroleum Products Exports,Total Petroleum Exports
1973-01-01,No Data Reported,10.71,16.355,28.774,6.903,1.032,31.29,131.903,210.613
1973-02-01,No Data Reported,2.393,26,40.679,7.321,5.071,31.714,173.786,260.964
1973-03-01,No Data Reported,2.323,19.968,35.774,6.387,0.71,23.903,155.097,224.194
1973-04-01,No Data Reported,6.567,15.367,26.567,7.533,4.333,39.067,191.5,275.567
1973-05-01,4.129,1.742,14.806,25.065,4.323,4.871,35.194,162.065,237.387
1973-06-01,No Data Reported,8.433,12.5,23.5,4.633,0.933,6.1,171.833,215.433
1973-07-01,7.484,3.387,12.645,25.419,3.484,2.258,33.742,164.968,240.742
1973-08-01,No Data Reported,8.516,14,26.452,1.032,0.258,27.484,154.419,218.161
1973-09-01,5.333,25.367,13.333,25.533,1.933,0.9,19.767,164.167,243.0
1973-10-01,No Data Reported,23.258,12.871,24.452,3.258,8.097,18.871,144.097,222.032
1973-11-01,No Data Reported,3.233,11.3,22.767,3.433,15.3,4.833,153,202.567
1973-12-01,5.71,9.935,12.484,23.258,1.613,4.71,7.774,174.806,227.806
1974-01-01,17.226,4.032,14.968,27.097,2.129,4.065,9.419,142.742,206.71
1974-02-01,10.036,3.857,11.714,21.571,2.143,0.643,11.321,153.286,202.857
1974-03-01,No Data Reported,6.581,12.903,23.387,2.548,7.258,9.226,146.613,195.613
1974-04-01,0.5,1.367,11.9,22.767,2.233,1.367,15.633,199.467,243.333
1974-05-01,6.452,0.871,11.742,22.903,0.839,0.323,11.516,203.645,246.548
1974-06-01,1.467,1.133,12.433,23.367,3.267,0.367,14.5,194.3,238.4
1974-07-01,No Data Reported,2.71,15.129,27.226,5.161,0.677,6.935,210.484,253.194
1974-08-01,No Data Reported,0.548,13.903,24.29,2.097,5.548,30.065,184.677,247.226
1974-09-01,No Data Reported,1.367,15.9,27.2,1.333,0.5,15.033,125.433,170.867
1974-10-01,No Data Reported,0.484,13.968,25.71,5.129,0.548,16.387,172.613,220.871
1974-11-01,No Data Reported,1.833,13.667,24.8,2.4,0.433,8.033,148.967,186.467
1974-12-01,No Data Reported,3.355,15,26.484,2.484,6.323,15.032,177.419,231.097
1975-01-01,26.968,0.065,16,29.839,1.903,0.548,14.935,153.806,228.065
1975-02-01,33.643,1.786,16.536,30.25,2.214,9.5,18.857,151.75,248.0
1975-03-01,11.258,0.032,14.161,31.903,1.387,0.839,9.516,158.161,213.097
1975-04-01,0.633,1.7,14.867,29,1.3,1.267,5.933,150.6,190.433
1975-05-01,No Data Reported,0.226,13,25.29,2.194,0.452,7.935,166.323,202.419
1975-06-01,No Data Reported,1.6,11.733,22.233,1.3,0.733,20.633,177.933,224.433
1975-07-01,No Data Reported,0.355,12.839,23,2.226,1.258,17.419,141.419,185.677
1975-08-01,No Data Reported,1.581,12.032,23.903,1.677,0.419,11.968,163.323,202.871
1975-09-01,No Data Reported,0.033,11.433,23.6,1.5,0.167,19.233,160.767,205.3
1975-10-01,No Data Reported,0.032,12.387,24.774,1.419,1.032,5.29,154.419,186.968
1975-11-01,No Data Reported,0.333,10.9,21.8,1.367,0.9,12.533,128.967,165.9
1975-12-01,No Data Reported,1.161,13.806,26.516,1.581,7.903,31.774,192.677,261.613
1976-01-01,No Data Reported,0.226,13.194,24.194,2.871,0.194,13.419,114.871,155.774
1976-02-01,No Data Reported,0.828,12.172,22.931,3.966,6.172,29.828,177.552,241.276
1976-03-01,1.452,1.129,14.419,25.968,1.677,6.419,10.065,137.968,184.677
1976-04-01,No Data Reported,0.5,14.333,26.133,1.6,7.5,17.733,168.533,222.0
1976-05-01,0.032,0.677,12,22.484,1.452,1.129,10.097,143.548,179.419
1976-06-01,No Data Reported,0.867,14.6,28.033,1.3,0.467,7.0,175.1,212.767
1976-07-01,No Data Reported,0.484,11.806,23.871,1.806,1.323,10.71,204.29,242.484
1976-08-01,12.258,4.032,10.645,21.452,1.774,6.742,7.903,165.839,220.0
1976-09-01,No Data Reported,1.267,10.667,20.9,1.867,0.4,8.433,163.033,195.9
1976-10-01,18.161,0.903,12.774,24.355,2.032,0.065,4.935,147.323,197.774
1976-11-01,30,1.433,13.367,25.767,2.967,0.5,15.5,271.633,347.8
1976-12-01,33.935,1.419,16.258,28.742,1.903,6.645,3.677,203.161,279.484
1977-01-01,13.29,1.129,15.226,28.548,1.516,8.355,2.419,136.774,192.032
1977-02-01,58.964,0.857,10.393,18.786,1.929,1.893,8.036,143.929,234.393
1977-03-01,32.097,0.968,10.903,18.645,1.839,0.323,3.387,149.548,206.806
1977-04-01,16.833,2.5,11.1,19.933,3.9,1.067,3.3,175.833,223.367
1977-05-01,89.032,0.355,7.774,14.097,2.129,1.871,5.129,175.645,288.258
1977-06-01,9.733,0.333,6.167,11.9,1.433,0.967,1.967,198.633,224.967
1977-07-01,53.097,0.0,10.226,19.742,0.581,0.71,18.194,161.323,253.645
1977-08-01,36.935,0.419,7.742,15.903,0.613,1.065,9.355,165.452,229.742
1977-09-01,90.633,0.567,7.467,14.3,1.733,1.033,2.767,183,294.033
1977-10-01,85.323,5.484,8.581,16.258,1.516,1.387,2.161,143,255.129
1977-11-01,45.167,2.767,8.733,16.567,1.233,1.633,6.867,160.933,235.167
1977-12-01,68.71,1.645,10.194,18.29,1.581,0.774,12.032,171.323,274.355
1978-01-01,98.323,0.645,9.581,20.516,1.355,1.129,12.774,121.806,256.548
1978-02-01,8.071,15.714,10.179,21.571,1.571,0.786,9.643,150.893,208.25
1978-03-01,59.839,0.097,10.419,20.194,1.613,1.419,22.032,163.452,268.645
1978-04-01,91.633,5.533,10.1,18.433,0.667,0.767,6.5,213.467,337.0
1978-05-01,123.677,0.613,11,24.806,1.645,1.581,16.161,144.452,312.935
1978-06-01,195.033,0.133,8,20,1.533,0.833,3.9,177.167,398.6
1978-07-01,137.935,4.323,8.226,18.742,1.613,1.71,9.903,155.613,329.839
1978-08-01,181.806,4.29,11.581,26.71,0.516,1.258,24.935,171.29,410.806
1978-09-01,251.2,2.4,5.967,13.267,1.4,2.0,12.1,194.533,476.9
1978-10-01,271.548,2.065,8.355,18.226,1.677,2.0,7.871,165.452,468.839
1978-11-01,217.767,3.3,9.3,20.833,1.667,0.667,6.4,158.033,408.667
1978-12-01,250.516,1.548,8.355,14.613,1.645,1.226,19.129,166.645,455.323
1979-01-01,176.903,0.581,7.484,11.935,0.581,0.581,6.29,195.516,392.387
1979-02-01,288.429,7.0,9.5,15.929,0.679,0.571,9.679,163.643,485.929
1979-03-01,369.613,1.355,11.516,30.774,0.677,0.484,14.194,193.742,610.839
1979-04-01,259.667,2.233,7.733,12.933,0.733,0.667,1.7,215.533,493.467
1979-05-01,171.419,0.161,6.065,10.677,0.645,0.355,7.71,237.935,428.903
1979-06-01,234.6,15.433,5.833,11.267,0.5,0.167,7.9,197.9,467.767
1979-07-01,244.484,6.71,5.645,9.806,0.516,0.29,4.548,219.677,486.032
1979-08-01,244.903,0.161,6.806,12.194,0.742,0.677,14.452,193.129,466.258
1979-09-01,174.7,1.5,4.6,9.3,0.5,0.2,2.4,225.133,413.733
1979-10-01,178.613,0.903,7.226,13.516,0.194,0.452,17.677,213.742,425.097
1979-11-01,264.167,0.033,8.8,17.567,0.7,0.533,4.667,222.033,509.7
1979-12-01,215.258,0.032,13.258,21.935,1.097,0.129,14.323,218.677,471.452
1980-01-01,321.774,6.839,14.032,30.032,0.677,0.581,4.806,185,549.71
1980-02-01,331.517,8.241,12.793,26.448,2.034,0.414,17.345,172.276,558.276
1980-03-01,329.613,18.548,13.548,22.581,1.581,0.194,2.032,198.355,572.903
1980-04-01,192.333,2.433,9.867,19.133,2.533,0.5,39.833,176.967,433.733
1980-05-01,325.71,0.581,7.742,17.032,2.0,0.968,19.871,225.097,591.258
1980-06-01,365.333,0.033,9.2,18.267,1.167,0.667,13.667,255.033,654.167
1980-07-01,237.645,2.806,7.226,17.516,1.677,3.161,60.032,207.806,530.645
1980-08-01,77.806,0.032,7.032,17.065,1.29,1.0,1.613,219.71,318.516
1980-09-01,321.567,0.1,8.333,18.8,0.8,6.7,21.433,187.433,556.833
1980-10-01,309.226,0.226,8.806,24.452,0.742,0.968,69.839,192.065,597.516
1980-11-01,288.967,0.067,10.433,22.8,0.6,0.433,88.167,147.767,548.8
1980-12-01,342.581,0.065,9.839,22.903,0.613,0.613,62.355,192.903,622.032
1981-01-01,338.593,0.159,10.935,21.154,0.906,0.394,65.15,131.52,557.875
1981-02-01,197.947,16.623,10.786,20.724,0.761,0.677,124.976,207.426,569.135
1981-03-01,210.28,0.188,10.613,20.063,0.319,0.462,144.651,210.145,586.109
1981-04-01,197.709,3.353,11.567,25.602,0.586,0.304,150.974,191.239,569.767
1981-05-01,312.234,0.104,8.452,19.075,0.537,0.744,25.193,237.203,595.091
1981-06-01,123.263,0.488,10.967,23.688,0.417,0.645,75.521,196.348,420.371
1981-07-01,257.293,2.313,7.355,17.423,0.643,0.388,82.115,211.199,571.375
1981-08-01,203.873,0.214,60.258,149.447,0.703,2.822,68.956,217.885,643.9
1981-09-01,193.767,1.078,10.2,20.53,0.655,1.736,126.026,175.466,519.258
1981-10-01,225.677,5.389,32.742,75.776,0.466,2.855,201.695,226.062,737.921
1981-11-01,277.919,6.435,25.433,58.478,8.582,0.915,202.644,145.796,700.769
1981-12-01,188.948,26.441,20.226,49.803,7.16,10.739,157.027,215.423,655.541
1982-01-01,238.148,90.109,25.065,67.442,8.213,18.113,235.004,171.775,828.805
1982-02-01,304.325,89.67,19.821,50.7,8.763,7.93,213.301,129.117,803.806
1982-03-01,320.962,84.085,36.613,74.46,2.573,44.084,197.2,158.671,882.036
1982-04-01,174.481,63.954,42.133,76.608,2.216,33.001,233.728,201.512,785.501
1982-05-01,261.635,74.692,26.806,43.151,0.896,23.124,190.819,209.168,803.486
1982-06-01,93.979,55.011,51.2,106.408,2.615,14.356,217.195,213.544,703.109
1982-07-01,229.192,23.821,20.677,37.214,1.032,24.465,238.914,186.379,741.017
1982-08-01,303.848,40.074,30.387,60.52,1.027,15.962,234.828,201.364,857.623
1982-09-01,184.144,138.506,35.533,84.614,8.751,21.703,148.44,204.425,790.583
1982-10-01,270.438,65.884,37.871,81.489,1.149,14.592,233.849,264.539,931.94
1982-11-01,261.959,23.836,15.633,37.161,8.953,11.419,182.484,260.251,786.062
1982-12-01,192.59,143.082,34.355,56.117,22.369,6.707,186.175,252.869,859.91
1983-01-01,116.932,172.939,67.032,118.162,8.765,0.454,294.348,261.745,973.345
1983-02-01,262.071,104.68,53.536,75.615,7.982,0.225,191.005,223.787,865.365
1983-03-01,173.5,59.11,78.548,126.969,0.889,23.417,169.05,247.836,800.772
1983-04-01,87.674,46.934,87.633,116.237,7.217,1.252,310.367,239.399,809.08
1983-05-01,280.248,50.29,55.419,84.374,1.278,1.426,189.789,240.88,848.286
1983-06-01,143.547,40.101,25.4,58.643,0.712,21.551,218.498,290.974,774.027
1983-07-01,144.973,54.684,24.194,54.56,1.203,18.334,90.152,207.418,571.325
1983-08-01,172.018,42.704,16.71,29.194,6.21,12.84,164.737,235.469,663.172
1983-09-01,177.182,36.583,42,86.306,8.99,13.687,134.405,227.219,684.372
1983-10-01,139.856,54.874,17.226,31.827,0.767,1.643,152.633,194.313,575.912
1983-11-01,185.575,53.816,18.367,32.661,12.422,2.189,166.587,226.056,679.307
1983-12-01,94.745,53.842,27.484,66.323,14.782,25.358,141.086,242.67,638.807
1984-01-01,152.856,40.259,17.129,23.206,10.267,0.813,151.437,196.376,575.214
1984-02-01,184.66,41.496,24.414,44.205,4.504,1.734,87.456,217.792,581.847
1984-03-01,235.607,65.663,39.613,73.654,0.693,9.21,203.862,251.445,840.134
1984-04-01,171.581,31.963,29.233,56.669,5.978,0.309,129.515,259.005,655.02
1984-05-01,218.782,48.337,16.839,44.314,0.711,0.191,200.066,253.909,766.31
1984-06-01,222.181,52.952,33.667,55.24,9.071,17.147,175.838,331.714,864.143
1984-07-01,107.762,40.171,27.581,45.355,9.856,9.052,98.715,225.401,536.312
1984-08-01,189.873,74.357,18.581,36.408,2.498,1.413,260.169,167.253,731.972
1984-09-01,161.524,21.843,20.467,26.229,0.915,1.611,214.325,237.385,663.831
1984-10-01,140.99,47.082,39.548,58.423,12.598,1.009,174.143,165.18,599.426
1984-11-01,202.025,23.828,37.033,55.034,10.997,10.978,285.872,265.458,854.192
1984-12-01,185.05,120.12,53.323,87.202,39.558,15.878,298.755,239.152,985.714
1985-01-01,144.451,40.644,51.161,72.473,3.357,1.77,311.694,217.351,791.74
1985-02-01,220.735,64.269,55.571,74.003,22.296,1.825,294.724,179.048,856.9
1985-03-01,188.971,43.667,45.161,51.844,6.208,3.069,215.53,184.217,693.507
1985-04-01,235.638,26.936,61.767,80.417,4.954,10.605,166.989,237.971,763.511
1985-05-01,249.906,30.879,32.29,40.083,4.741,8.105,185.485,186.196,705.395
1985-06-01,225.546,29.813,33.6,52.902,3.386,7.061,117.584,255.79,692.081
1985-07-01,153.946,111.621,47.774,69.963,3.406,17.781,82.787,235.711,675.215
1985-08-01,241.254,99.575,59.968,82.247,22.913,4.336,105.529,192.915,748.769
1985-09-01,188.153,120.619,23.433,29.276,6.927,5.734,187.965,267.31,805.984
1985-10-01,123.218,67.256,38.774,47.139,27.581,18.742,183.777,222.526,690.237
1985-11-01,286.442,92.168,66.467,92.585,34.207,16.943,275.327,238.766,1036.438
1985-12-01,196.943,80.914,60.387,76.974,21.24,17.566,249.783,281.887,925.306
1986-01-01,158.63,125.502,42.194,47.222,38.421,5.789,210.763,272.377,858.704
1986-02-01,161.545,175.959,50.214,79.526,16.239,11.22,183.128,248.436,876.052
1986-03-01,212.165,130.628,26.742,50.839,11.602,21.346,112.721,192.454,731.754
1986-04-01,94.311,127.857,19.333,35.924,17.04,23.042,202.252,349.57,849.995
1986-05-01,98.356,149.471,24.419,42.51,13.837,8.935,128.934,281.58,723.624
1986-06-01,240.185,52.883,18.4,25.087,6.371,18.079,42.63,256.303,641.538
1986-07-01,65.183,75.376,36.484,52.623,9.766,46.902,90.441,345.042,685.333
1986-08-01,232.969,64.152,40.419,55.557,5.096,42.535,174.402,293.118,867.83
1986-09-01,160.981,98.015,15.467,29.19,14.254,40.32,110.477,261.042,714.278
1986-10-01,150.74,73.701,19.774,25.724,25.093,61.206,144.235,349.86,830.559
1986-11-01,114.701,72.171,27.833,58.493,22.265,95.814,142.945,314.349,820.738
1986-12-01,158.628,55.355,19.226,34.876,29.753,24.268,224.068,292.906,819.854
1987-01-01,83.715,114.908,26.613,45.819,47.349,44.231,198.016,168.91,702.948
1987-02-01,283.566,92.604,20.036,39.845,20.199,22.224,220.765,297.88,977.084
1987-03-01,149.841,66.883,35.065,53.967,7.717,19.854,150.281,271.325,719.868
1987-04-01,246.973,52.935,18.767,38.565,4.034,42.213,238.656,247.122,870.498
1987-05-01,68.535,51.445,20.968,36.123,4.224,48.192,143.669,313.611,665.798
1987-06-01,115.598,61.117,15.967,22.097,4.851,46.023,104.682,314.9,669.268
1987-07-01,148.916,38.355,16.645,32.449,4.51,32.585,174.753,248.596,680.163
1987-08-01,141.3,47.298,18.968,35.245,4.353,18.875,185.493,231.513,664.077
1987-09-01,115.917,64.148,42.467,57.95,35.101,30.086,176.607,315.677,795.487
1987-10-01,83.622,52.908,16.516,23.019,35.046,20.973,193.554,236.549,645.67
1987-11-01,163.569,56.21,19.5,36.882,46.283,32.071,145.716,256.088,736.819
1987-12-01,219.635,92.238,41.194,58.585,77.626,58.982,299.749,250.498,1057.311
1988-01-01,206.424,81.97,28.774,46.513,81.79,7.971,190.286,270.071,885.025
1988-02-01,145.724,106.72,30.483,48.511,33.652,18.478,228.777,282.049,863.911
1988-03-01,212.839,74.496,19.484,37.908,52.46,17.934,165.391,273.322,834.349
1988-04-01,114.42,42.274,26.8,45.219,13.167,18.428,169.844,272.621,675.972
1988-05-01,138.213,74.031,20.323,39.162,6.533,27.512,262.638,265.747,813.836
1988-06-01,137.59,75.559,19.5,39.635,15.448,58.68,249.309,361.597,937.818
1988-07-01,185.982,57.95,20.258,37.409,3.464,11.768,206.134,323.23,825.936
1988-08-01,152.094,69.614,27.419,52.024,14.83,15.467,224.644,284.853,813.527
1988-09-01,119.097,71.856,25.333,44.61,15.946,15.688,100.255,305.161,672.613
1988-10-01,166.367,48.023,41.548,57.821,4.228,13.236,180.816,261.87,732.36
1988-11-01,147.618,34.417,46.1,75.162,9.137,14.894,145.951,289.768,716.948
1988-12-01,129.212,86.896,64.452,86.754,82.2,44.967,270.507,307.727,1008.261
1989-01-01,136.584,110.009,13.806,29.068,74.744,33.095,151.476,225.638,760.614
1989-02-01,208.483,163.594,25.75,37.75,21.212,23.648,145.961,274.155,874.803
1989-03-01,156.337,76.04,33.323,49.203,10.582,43.337,220.029,304.579,860.107
1989-04-01,139.481,55.703,21.233,29.778,15.931,46.195,236.313,286.455,809.856
1989-05-01,130.68,50.835,26.903,56.585,1.186,31.278,275.992,244.922,791.479
1989-06-01,243.349,39.43,25.7,48.066,1.196,60.349,208.274,374.201,974.866
1989-07-01,69.152,88.528,29.032,55.486,10.616,57.072,176.268,322.971,780.092
1989-08-01,161.52,154.444,19.516,43.167,15.095,58.177,224.747,309.366,966.515
1989-09-01,32.022,80.822,21.333,31.48,33.964,31.176,137.405,308.596,655.464
1989-10-01,60.7,89.854,22.548,32.528,29.6,28.81,242.853,306.442,790.787
1989-11-01,119.694,123.059,19.567,35.069,51.551,18.478,329.625,297.148,974.624
1989-12-01,246.623,129.986,26.516,39.916,59.181,36.996,225.516,328.985,1067.203
1990-01-01,131.742,62.0,31.645,45.582,29.543,31.441,185.808,223.171,709.288
1990-02-01,101.536,64.827,31.964,46.014,49.755,52.927,213.555,293.398,822.011
1990-03-01,132.397,75.299,30.548,45.184,29.855,45.277,276.66,275.46,880.131
1990-04-01,111.276,58.931,15.933,26.603,19.482,28.23,199.706,316.48,760.709
1990-05-01,112.05,74.549,24.871,37.46,8.043,25.392,141.271,290.987,689.751
1990-06-01,87.968,83.696,20.433,29.419,10.275,51.756,207.193,332.933,803.24
1990-07-01,89.09,30.483,23.032,37.789,10.247,41.426,171.242,315.29,695.566
1990-08-01,64.183,51.303,24.129,43.497,37.169,76.785,280.309,296.418,849.663
1990-09-01,68.328,122.93,26.867,41.929,47.42,102.505,199.777,263.959,846.847
1990-10-01,104.296,149.866,30.355,38.815,77.486,90.461,159.597,328.124,948.644
1990-11-01,137.455,188.194,29.033,41.069,140.627,66.434,243.213,268.24,1085.232
1990-12-01,161.711,346.984,45.742,60.226,59.797,53.03,259.195,246.474,1187.417
1991-01-01,50.498,332.225,51.203,55.685,73.054,50.203,320.414,316.936,1199.015
1991-02-01,152.41,392.531,39.877,60.192,159.083,101.742,299.468,275.47,1440.897
1991-03-01,136.564,197.981,44.941,57.616,39.817,96.704,177.502,237.507,943.69
1991-04-01,161.915,80.927,24.655,31.694,38.404,52.826,144.795,226.822,737.384
1991-05-01,164.953,218.419,31.38,46.254,34.802,59.429,299.934,325.647,1149.438
1991-06-01,78.412,150.0,22.313,33.721,13.297,98.783,244.557,302.708,921.478
1991-07-01,138.779,148.961,15.052,25.304,31.439,122.401,175.818,319.898,962.6
1991-08-01,54.824,144.481,13.212,18.1,10.529,98.036,215.788,295.602,837.361
1991-09-01,109.101,136.048,13.861,31.283,9.889,63.475,167.86,267.004,784.66
1991-10-01,91.566,258.563,17.61,30.848,50.459,58.353,216.671,211.311,917.771
1991-11-01,125.773,224.477,19.883,40.268,4.568,103.83,188.542,238.162,925.62
1991-12-01,132.552,301.616,38.447,72.873,58.773,79.031,264.319,304.249,1213.413
1992-01-01,117.83,360.049,72.032,80.426,44.442,86.558,183.556,270.958,1143.82
1992-02-01,22.323,278.442,26.69,32.945,42.31,59.443,176.215,239.9,851.578
1992-03-01,105.244,137.538,26.355,43.467,6.882,70.874,309.685,238.368,912.058
1992-04-01,23.094,278.117,23.833,45.459,18.433,89.888,265.259,216.961,937.21
1992-05-01,105.537,221.531,23.323,44.367,25.907,81.698,206.776,199.062,884.878
1992-06-01,107.088,204.668,27.067,58.821,45.343,86.26,230.362,224.531,957.072
1992-07-01,53.258,201.409,35.161,53.043,61.915,108.053,168.599,283.066,929.344
1992-08-01,132.524,127.123,25.355,56.676,28.49,123.432,95.804,225.194,789.244
1992-09-01,67.588,144.751,24.7,47.712,20.391,84.841,148.791,333.543,847.616
1992-10-01,106.194,168.63,30.097,39.497,44.488,93.557,156.397,293.644,902.407
1992-11-01,110.835,229.59,32.7,43.761,58.906,73.511,216.034,262.829,995.466
1992-12-01,107.387,275.552,45.161,49.474,111.647,184.347,158.11,350.678,1237.194
1993-01-01,128.521,286.56,30.56,39.923,134.31,141.6,133.209,270.613,1134.736
1993-02-01,165.938,301.183,36.635,55.711,16.724,99.355,113.134,280.961,1033.007
1993-03-01,138.75,154.133,31.942,47.491,100.563,108.529,151.75,268.533,969.748
1993-04-01,72.975,241.447,40.458,69.553,88.409,111.246,169.267,314.293,1067.191
1993-05-01,112.217,355.032,30.152,49.933,59.934,90.326,136.713,277.768,1081.924
1993-06-01,149.776,157.542,22.815,40.571,44.796,81.377,147.077,278.385,899.525
1993-07-01,62.458,296.115,25.561,54.815,70.817,92.206,122.411,301.939,1000.761
1993-08-01,55.23,195.575,26.778,46.39,41.578,77.381,119.865,293.296,829.316
1993-09-01,106.815,266.58,16.969,40.825,16.477,85.069,110.345,275.802,901.914
1993-10-01,62.216,236.636,13.457,21.364,19.569,79.81,93.523,368.165,881.285
1993-11-01,67.19,342.198,17.447,26.66,29.347,125.581,85.64,303.472,980.088
1993-12-01,62.712,453.057,25.164,40.565,84.878,162.168,98.202,348.674,1250.256
1994-01-01,109.71,331.643,19.4,28.834,40.106,97.081,64.474,255.104,926.953
1994-02-01,115.859,234.566,30.033,45.046,35.264,76.851,127.315,246.87,881.772
1994-03-01,40.5,220.211,28.621,37.882,14.457,88.279,174.649,360.167,936.144
1994-04-01,119.5,252.443,20.449,30.016,12.256,72.757,109.77,271.387,868.128
1994-05-01,117.645,289.266,20.127,32.387,9.101,64.384,129.363,287.239,929.385
1994-06-01,107.27,168.121,20.056,41.988,10.585,87.605,121.692,330.219,867.48
1994-07-01,84.083,220.237,21.872,41.952,10.981,77.731,82.927,359.395,877.305
1994-08-01,72.006,192.809,28.068,38.002,10.37,69.536,119.852,410.229,912.804
1994-09-01,61.104,139.625,20.196,56.823,30.687,74.444,141.078,387.543,891.305
1994-10-01,138.235,255.95,24.124,42.919,17.833,109.713,134.344,297.798,996.791
1994-11-01,101.615,210.62,27.407,35.477,19.497,107.725,181.925,342.955,999.814
1994-12-01,118.196,284.036,28.813,41.781,32.663,231.163,114.812,385.198,1207.848
1995-01-01,112.677,140.806,55.212,65.129,33.161,100.032,203.032,322.839,977.677
1995-02-01,94.75,212.393,99.827,122.25,20.75,84.321,207.607,319.571,1061.643
1995-03-01,67.71,216.323,38.853,57.871,17.032,106.935,154.0,327.935,947.806
1995-04-01,155.4,171.933,31.424,51.367,4.867,138.567,128.867,346.867,997.867
1995-05-01,72.774,201.677,29.223,62.71,18.258,67.419,115.097,338.258,876.194
1995-06-01,100.933,137.233,26.793,55.767,11.4,91.467,120.367,402,919.167
1995-07-01,102.71,148.0,27.403,41.839,26.935,85.935,163.516,325.581,894.516
1995-08-01,61.452,84.226,23.757,57.516,21.097,102.968,121.677,371.903,820.839
1995-09-01,74.467,116.133,25.2,29.567,19.567,93.833,124.233,347.333,805.133
1995-10-01,49.774,238.129,29.684,37.129,57.258,121.258,84.258,374.097,961.903
1995-11-01,117.667,235.633,37.058,63.867,12.9,118.467,111.1,342.433,1002.067
1995-12-01,126.516,298.194,31.329,67.774,62.677,141.194,98.355,340.032,1134.742
1996-01-01,88.774,216.355,30.355,49.839,111.065,162.581,107.677,333.742,1070.032
1996-02-01,92.207,255.655,38.724,60.241,66.586,72.241,113.862,387.034,1047.828
1996-03-01,94.129,139.161,25.258,38.387,58.774,127.613,94.71,314,866.774
1996-04-01,148.267,166.367,31,56.033,11.133,77.133,96.133,420.933,976.0
1996-05-01,36.71,175.968,20.613,67.677,13.387,80.806,89.484,426.839,890.871
1996-06-01,129.633,80.733,21.167,36.167,10.833,95.3,143.667,399.1,895.433
1996-07-01,139.161,134.194,29.065,73.097,27.0,123.032,88.355,359.903,944.742
1996-08-01,44.452,182.226,24.484,61.742,33.968,81.839,55.613,436.613,896.452
1996-09-01,147,256.133,20.667,52.1,50.867,67.6,125.033,405.1,1103.833
1996-10-01,133.677,299.903,28.548,39.968,34.774,113.065,103.903,319.742,1045.032
1996-11-01,172.033,171.067,34.433,42.733,44.667,128.4,100.733,364.467,1024.1
1996-12-01,96.29,205.806,31.355,59.645,115.129,116.871,102.129,317,1012.871
1997-01-01,141.355,133.452,28.452,48.903,77.677,75.484,170.935,390.129,1037.935
1997-02-01,229.071,106.5,42.25,83.536,22.786,111.321,137.25,326.036,1016.5
1997-03-01,136.452,119.968,39.581,77.581,11.129,123.258,89.226,375.129,932.742
1997-04-01,92.4,165.6,31.633,51.767,21.167,117.4,105.333,383.367,937.033
1997-05-01,25.806,152.968,23.323,40.194,8.968,101.161,102.129,445.258,876.484
1997-06-01,56.933,173.533,31.4,45.7,38.3,96.367,130.367,413.667,954.867
1997-07-01,69.871,151.194,24.323,57.387,32.645,163.548,158.774,378.71,1012.129
1997-08-01,110.29,185.323,23.516,45.742,26.516,174.871,80.0,451.548,1074.29
1997-09-01,122.167,159.6,16.2,44.9,15.767,129.867,90.567,433.9,996.767
1997-10-01,152.161,132.548,29.355,42.613,40.065,185.677,133.032,380.323,1066.419
1997-11-01,32.5,148.933,47.967,70.767,44.333,151.1,122.267,364.067,933.967
1997-12-01,130.968,192.161,52.806,79.516,78.452,205.677,120.194,390.355,1197.323
1998-01-01,230.516,133.0,29.161,68.323,36.71,128.323,130.806,405.258,1132.935
1998-02-01,196.929,78.857,27.893,64.536,25.429,123.75,119.857,393.571,1002.929
1998-03-01,99.129,128.677,28.258,42.032,36.323,120.935,134.613,385.839,947.548
1998-04-01,162.933,186.167,21.833,54.2,31.967,80.867,168.0,363.633,1047.767
1998-05-01,143.581,120.903,21.613,51.839,24.839,102.742,226.968,381.71,1052.581
1998-06-01,62.567,148.5,13.1,41.167,24.933,159.067,152.167,398.6,987.0
1998-07-01,103.935,160.774,17,49.097,27.839,116.581,124.032,415.935,998.194
1998-08-01,51.129,149.645,15.419,26.548,8.194,140.871,104.774,299.065,780.226
1998-09-01,34.5,107.367,15.333,29.933,25.9,163.167,132.767,368.867,862.5
1998-10-01,87.226,75.194,34.806,52,22.258,120.871,138.774,354.226,850.548
1998-11-01,60.467,54.467,40.733,62.467,24.833,88.867,109.733,381.067,781.9
1998-12-01,90.097,145.355,32.452,69.065,17.355,153.355,108.161,309.419,892.806
1999-01-01,107.484,117.484,50,76.419,26.129,129.71,132.677,305.71,895.613
1999-02-01,119.357,116.286,41.143,65.286,8.679,104.75,69.893,271.571,755.821
1999-03-01,95.484,158.516,18.71,34.032,23.258,81.452,71.677,299.903,764.323
1999-04-01,332.067,191.167,12.733,21.567,29.433,85.1,184.967,351.467,1195.767
1999-05-01,88.452,186.742,20.258,35.71,33.484,99.613,152.839,317.935,914.774
1999-06-01,122.633,179.8,23.233,43.1,35.633,71.3,150.567,304.067,907.1
1999-07-01,119.903,122.871,27.355,41.839,39.161,89.065,182.258,322.871,917.968
1999-08-01,132.323,129.774,32.129,55.355,8.903,100.613,123.968,350.71,901.645
1999-09-01,27.033,161.7,19.867,61.967,34.467,127.667,135.8,340.3,888.933
1999-10-01,56.419,191.742,64.774,80.903,27.677,129.903,129.903,327.419,943.968
1999-11-01,83.5,170.1,33.867,52.367,64.167,128.467,60.267,390.9,949.767
1999-12-01,133.258,212.355,49.387,62.581,52.516,177.161,153.71,438.129,1229.71
2000-01-01,175.806,132.194,93.548,103.161,13.387,126.968,137.258,317.194,1005.968
2000-02-01,30.034,112.034,53.345,82.862,17.345,83.448,148.931,394.931,869.586
2000-03-01,143.516,210.71,84.419,115.613,33.323,107.871,167.065,380.516,1158.613
2000-04-01,123.533,177.867,61.867,83.167,37.033,110.667,138.7,460,1130.967
2000-05-01,34.258,127.355,26.645,45.258,35.323,125.903,123.29,364.968,856.355
2000-06-01,9.4,148.933,40.167,69.533,27.0,99.7,132.6,437.7,924.867
2000-07-01,15.032,132.258,28.323,62.968,20.71,109.774,113.226,446.097,900.065
2000-08-01,17.29,252.806,55.097,76.355,18.839,193.839,93.645,420.484,1073.258
2000-09-01,22.933,193.8,41.3,62.867,33.633,183.533,147.6,414.433,1058.8
2000-10-01,8.806,254.71,40.613,73.226,41.677,216.581,221.29,475.774,1292.065
2000-11-01,2.367,191.267,54.767,72.633,63.633,169.6,100.067,508.367,1107.933
2000-12-01,16.065,134.935,58.387,85.387,39.484,190.484,143.29,485.194,1094.839
2001-01-01,17.581,67.0,62.258,76.774,27.129,124.516,160.129,480.71,953.839
2001-02-01,24.071,76.75,41.321,60.214,17.857,128.036,199.714,497.821,1004.464
2001-03-01,37,75.258,21.806,33.871,40.839,144.968,183.0,422.968,937.903
2001-04-01,4.833,106.533,18.333,35.7,17.033,142.967,184.933,449.933,941.933
2001-05-01,63.903,145.645,15.097,31.226,16.548,101.71,245.645,463.968,1068.645
2001-06-01,15.067,120.433,31.6,60.233,18.133,126.733,209.267,425.667,975.533
2001-07-01,10.774,112.871,42.387,53.484,23.29,129.419,157.839,391.29,878.968
2001-08-01,28.194,139.516,27.387,36.613,23.968,116.613,214.129,489.129,1048.161
2001-09-01,7.933,151.567,26.867,36.133,20.8,114.767,161.333,332.533,825.067
2001-10-01,11.323,99.355,26.29,37.774,31.161,155.871,138.806,472.097,946.387
2001-11-01,8.833,131.9,26.367,37.133,63.933,107.133,209.133,401.533,959.6
2001-12-01,12.258,201.645,35.129,44.065,50.968,199.548,231.032,369.516,1109.032
2002-01-01,10.935,109.419,42.097,52.387,12.935,96.065,137.613,441.323,860.677
2002-02-01,4.429,279.214,87.036,95.786,40.357,101.536,170.821,482.429,1174.571
2002-03-01,8.194,67.419,59.903,63.581,2.581,103.516,171.387,436.226,852.903
2002-04-01,7.6,68.367,24.633,32.367,17.533,133.533,158.7,471.467,889.567
2002-05-01,7.226,73.613,42.806,67.806,10.935,88.097,160.194,502.387,910.258
2002-06-01,5.367,92.7,22.6,32.8,9.1,131.3,164.967,443.433,879.667
2002-07-01,32.774,44.419,21.516,33.194,2.258,136.129,171.097,419.065,838.935
2002-08-01,8.613,118.871,27.903,46.258,9.581,132.613,271.677,550.29,1137.903
2002-09-01,7.267,126.633,54.1,67.467,22.333,113.367,200.033,478.333,1015.433
2002-10-01,3.935,96.29,73.677,84.774,17.065,135.419,153.484,470.871,961.839
2002-11-01,9.667,113.567,84.767,98,11.733,130.167,160.467,502.433,1026.033
2002-12-01,1.677,171.258,118.839,130.839,30.129,186.258,205.194,546.581,1271.935
2003-01-01,10.258,119.387,94.968,115.968,36.29,175.355,231.419,523.29,1211.968
2003-02-01,5,132.214,115.643,130.429,18.536,143.25,173.357,464.107,1066.893
2003-03-01,9.581,160.548,31.065,51,34.419,101.516,160.871,533.355,1051.29
2003-04-01,12,139.033,19.867,51.367,33.933,111.067,246.633,458.633,1052.667
2003-05-01,14.581,161.677,21.677,70.742,19.452,113.355,194.613,522.516,1096.935
2003-06-01,45.433,100.733,27.4,45.1,6.667,108.6,280.067,478.5,1065.1
2003-07-01,6.903,102.935,17.774,46.935,12.032,90.452,252.258,464.258,975.774
2003-08-01,3.677,80.032,18.806,54.387,6.903,83.645,158.355,560,947.0
2003-09-01,3.3,42.7,18.533,29.433,19.6,128.967,190.6,545.033,959.633
2003-10-01,13.968,61.968,20.387,25.226,28.484,158.806,163.806,518,970.258
2003-11-01,21.267,81.167,23.567,30.8,9.833,118.233,163.4,507.8,932.5
2003-12-01,3.516,99.548,45.742,56.29,17.71,172.097,154.71,486.065,989.935
2004-01-01,6.163,72.287,49.028,58.567,21.865,93.162,97.108,399.299,748.452
2004-02-01,7.698,86.025,50.812,57.683,19.156,158.661,162.768,553.526,1045.517
2004-03-01,19.328,99.284,21.36,34.647,39.052,143.967,158.407,529.477,1024.161
2004-04-01,54.658,91.541,22.424,48.752,19.031,126.647,281.593,531.177,1153.4
2004-05-01,26.094,100.158,18.507,33.038,29.557,122.304,279.816,460.905,1051.871
2004-06-01,44.975,163.497,24.585,54.874,28.336,76.189,204.273,497.423,1069.567
2004-07-01,17.717,113.326,21.742,49.615,10.264,109.128,183.847,595.715,1079.613
2004-08-01,13.204,120.388,26.219,39.58,51.616,125.725,225.18,515.146,1090.839
2004-09-01,34.66,87.782,25.85,45.853,77.13,78.794,253.915,382.999,961.133
2004-10-01,25.368,100.944,24.644,31.874,50.527,125.971,231.152,511.873,1077.71
2004-11-01,41.776,101.853,25.803,32.982,54.69,147.728,153.928,458.677,991.633
2004-12-01,30.101,176.378,29.131,59.204,83.189,183.489,222.992,528.195,1283.548
2005-01-01,39.968,49.077,28.461,35.392,28.316,146.372,199.963,417.589,916.676
2005-02-01,19.317,102.349,35.001,61.44,66.967,137.445,357.513,511.16,1256.19
2005-03-01,35.833,165.217,33.854,56.305,72.099,142.366,301.193,535.161,1308.173
2005-04-01,44.836,191.699,37.563,62.792,97.574,113.549,309.675,509.392,1329.517
2005-05-01,54.636,198.75,39.444,65.557,115.329,177.977,300.463,466.926,1379.636
2005-06-01,21.319,227.112,41.738,62.638,67.992,147.079,326.45,624.48,1477.069
2005-07-01,34.132,189.042,39.296,79.193,46.063,148.228,267.501,495.056,1259.214
2005-08-01,17.135,163.298,40.433,80.011,55.042,156.931,243.97,579.104,1295.491
2005-09-01,24.226,107.765,32.176,47.879,15.632,95.343,141.145,411.525,843.515
2005-10-01,17.097,109.294,43.669,55.874,11.307,80.161,133.539,446.857,854.129
2005-11-01,48.161,91.719,33.579,52.371,35.597,95.826,201.612,435.32,960.605
2005-12-01,24.477,64.625,44.24,54.833,20.991,182.495,236.465,521.995,1105.882
2006-01-01,27.372,123.048,49.554,71.504,23.949,100.548,177.697,535.133,1059.251
2006-02-01,14.839,156.109,102.883,121.427,25.443,121.679,249.158,587.096,1275.751
2006-03-01,29.129,119.832,65.531,81.66,35.642,166.039,241.218,496.015,1169.535
2006-04-01,26.462,200.031,57.778,89.355,42.102,126.722,300.445,613.361,1398.478
2006-05-01,26.728,228.714,33.294,51.423,32.429,169.947,237.9,602.707,1349.848
2006-06-01,32.913,186.642,26.275,63.366,33.511,149.544,322.503,545.684,1334.162
2006-07-01,13.359,231.054,25.797,49.04,33.884,166.114,305.868,587.793,1387.112
2006-08-01,15.231,190.577,29.513,55.082,48.984,90.866,265.363,588.799,1254.902
2006-09-01,21.026,455.721,24.407,44.767,59.622,137.135,352.971,482.954,1554.194
2006-10-01,37.154,290.807,42.588,62.326,55.607,153.1,351.131,556.365,1506.489
2006-11-01,23.799,251.508,43.424,60.191,49.378,162.429,344.26,461.581,1353.147
2006-12-01,27.064,148.847,46.072,68.911,47.65,156.079,247.553,468.387,1164.492
2007-01-01,9.476,253.125,77.673,94.477,39.131,112.389,304.416,632.522,1445.536
2007-02-01,25.103,202.325,54.145,75.758,31.08,191.746,249.357,574.312,1349.68
2007-03-01,33.766,154.545,51.295,72.08,52.62,173.13,321.0,467.352,1274.493
2007-04-01,19.112,167.206,26.086,50.214,34.117,115.979,390.965,582.256,1359.847
2007-05-01,36.026,226.707,29.821,67.957,19.409,100.695,376.218,613.78,1440.792
2007-06-01,52.175,251.368,25.453,68.567,25.118,87.452,268.874,577.825,1331.378
2007-07-01,26.517,244.612,37.661,85.546,52.931,89.014,336.929,670.173,1505.722
2007-08-01,42.173,314.499,24.766,50.407,26.629,107.142,387.526,554.477,1482.853
2007-09-01,33.759,278.156,21.068,44.082,41.892,81.067,350.185,531.757,1360.899
2007-10-01,10.861,277.203,20.345,36.328,32.799,111.064,304.722,552.164,1325.141
2007-11-01,20.091,436.82,97.341,118.939,91.665,152.072,324.66,622.431,1766.678
2007-12-01,20.18,402.047,45.094,77.363,46.036,206.659,336.048,454.037,1542.371
2008-01-01,11.74,342.978,119.72,150.833,59.21,132.096,341.955,580.854,1619.667
2008-02-01,19.945,407.169,117.041,156.107,67.447,196.542,406.854,593.801,1847.866
2008-03-01,29.364,358.391,87.44,146.269,63.999,183.587,475.131,550.383,1807.123
2008-04-01,13.982,472.304,50.499,114.508,31.969,201.613,376.636,527.932,1738.944
2008-05-01,18.746,494.39,71.933,123.302,75.677,183.448,393.047,504.278,1792.887
2008-06-01,21.953,745.458,21.523,85.331,86.322,207.955,355.158,644.122,2146.297
2008-07-01,28.846,719.421,17.851,78.392,93.501,235.564,325.722,569.773,2051.218
2008-08-01,39.819,849.333,19.13,59.948,61.619,129.272,342.139,571.003,2053.134
2008-09-01,39.089,312.661,20.379,58.078,28.67,116.323,244.643,523.047,1322.511
2008-10-01,42.627,421.86,56.381,100.842,60.525,140.822,316.754,574.117,1657.547
2008-11-01,30.534,543.939,20.076,65.363,51.56,130.952,378.178,519.777,1720.303
2008-12-01,45.596,663.227,30.623,73.51,52.486,202.817,310.667,507.607,1855.911
2009-01-01,36.183,646.647,76.29,134.619,76.738,158.702,329.654,538.964,1921.506
2009-02-01,29.742,538.6,120.167,170.985,41.82,182.373,303.477,540.672,1807.668
2009-03-01,30.419,554.521,85.366,134.728,61.253,143.635,369.74,543.367,1837.662
2009-04-01,26.623,684.378,73.421,131.768,66.029,131.594,323.925,536.012,1900.327
2009-05-01,52.722,648.341,41.782,97.147,85.681,211.722,386.082,533.387,2015.083
2009-06-01,56.614,578.412,45.913,104.272,42.34,205.171,460.331,515.554,1962.695
2009-07-01,31.315,621.848,54.603,119.49,48.55,245.667,588.691,692.62,2348.181
2009-08-01,35.203,616.765,107.236,156.262,54.464,162.611,475.032,618.59,2118.927
2009-09-01,42.182,607.287,76.91,125.615,63.354,184.731,512.315,569.573,2105.057
2009-10-01,72.275,557.433,116.471,164.649,95.118,217.263,482.375,633.691,2222.804
2009-11-01,45.511,587.795,99.89,155.7,74.207,190.368,419.807,555.618,2029.006
2009-12-01,65.238,405.85,120.722,172.887,116.284,307.62,323.823,604.653,1996.355
2010-01-01,32.526,391.17,131.139,193.914,113.351,220.672,294.865,650.19,1896.688
2010-02-01,57.897,389.128,94.767,157.185,66.152,251.909,458.315,653.315,2033.902
2010-03-01,45.002,453.954,94.191,155.187,70.1,363.587,448.874,612.379,2149.084
2010-04-01,36.504,685.064,93.17,175.679,76.05,307.948,392.655,758.57,2432.47
2010-05-01,36.171,755.749,121.204,175.749,78.736,184.332,433.405,734.952,2399.093
2010-06-01,31.227,638.432,90.86,124.807,56.693,283.913,439.775,729.06,2303.907
2010-07-01,69.034,770.727,105.33,169.728,81.912,282.732,425.989,715.963,2516.085
2010-08-01,35.889,701.083,94.946,132.072,84.832,212.684,485.569,758.147,2410.276
2010-09-01,61.281,764.528,104.341,155.404,80.864,226.03,400.134,656.324,2344.566
2010-10-01,23.482,874.432,120.398,171.931,63.653,282.866,344.129,719.495,2479.988
2010-11-01,31.757,791.247,119.531,164.355,102.718,413.26,376.797,718.352,2598.487
2010-12-01,40.289,638.424,138.27,189.604,133.582,516.853,358.622,766.652,2644.026
2011-01-01,71.858,734.631,127.253,212.612,125.993,413.956,443.411,747.756,2750.216
2011-02-01,30.233,666.635,105.397,192.163,99.514,406.379,473.491,766.068,2634.484
2011-03-01,36.327,651.045,155.159,270.247,87.575,435.629,364.373,887.363,2732.559
2011-04-01,40.908,873.034,174.654,347.633,101.971,478.829,408.957,820.086,3071.417
2011-05-01,37.024,728.045,148.265,291.636,55.898,447.401,452.221,722.855,2735.08
2011-06-01,35.545,725.709,123.729,276.204,74.049,394.701,416.347,793.248,2715.804
2011-07-01,73.011,950.461,101.756,262.287,109.347,335.843,471.274,850.597,3052.82
2011-08-01,33.762,835.042,114.017,253.168,90.503,536.03,459.434,794.47,3002.408
2011-09-01,35.489,930.821,133.54,255.773,102.961,528.866,446.596,873.589,3174.095
2011-10-01,50.574,1066.567,58.773,167.765,78.033,523.125,339.157,882.1,3107.321
2011-11-01,64.276,942.859,121.887,217.296,105.779,625.721,358.808,844.015,3158.755
2011-12-01,53.082,1128.02,123.089,241.641,129.898,616.213,461.818,1036.663,3667.336
2012-01-01,78.241,872.532,164.153,268.159,114.898,364.516,384.9,786.354,2869.603
2012-02-01,73.33,926.906,144.41,315.623,125.848,365.347,312.632,874.271,2993.958
2012-03-01,70.854,911.06,151.464,297.109,99.689,443.892,417.233,876.049,3115.887
2012-04-01,40.936,1078.2,187.006,326.05,89.907,376.465,421.084,939.131,3271.773
2012-05-01,82.946,1052.357,145.243,269.839,124.631,314.33,507.871,855.38,3207.354
2012-06-01,46.035,1086.399,159.659,324.816,152.076,342.85,369.291,894.293,3215.761
2012-07-01,77.03,1045.979,167.336,320.754,141.617,381.775,308.092,962.219,3237.466
2012-08-01,60.204,979.09,155.365,290.261,110.005,380.26,394.502,867.17,3081.491
2012-09-01,67.943,1003.292,148.369,326.834,130.672,397.129,343.164,894.664,3163.697
2012-10-01,67.063,1047.459,188.832,330.783,149.588,461.877,343.741,854.24,3254.752
2012-11-01,73.382,1060.946,232.915,379.467,160.046,484.132,383.49,862.659,3404.122
2012-12-01,70.689,1023.367,203.848,325.868,189.495,590.277,469.151,967.172,3636.018
2013-01-01,109.173,774.075,162.543,277.638,163.724,427.151,242.742,886.795,2881.298
2013-02-01,132.329,833.183,188.672,389.052,97.723,488.498,318.379,1020.709,3279.872
2013-03-01,106.763,807.472,284.529,430.746,132.033,315.557,446.434,872.172,3111.178
2013-04-01,138.365,843.249,282.781,415.165,136.783,261.994,389.208,1049.924,3234.688
2013-05-01,130.123,1123.318,308.133,471.04,119.928,249.872,481.999,895.255,3471.534
2013-06-01,124.106,1292.372,267.424,350.703,179.391,288.699,410.263,948.124,3593.658
2013-07-01,103.764,1350.676,274.715,554.741,150.997,328.545,361.954,999.95,3850.627
2013-08-01,70.723,1307.995,294.308,504.109,194.819,377.254,386.145,883.571,3724.616
2013-09-01,105.384,1351.437,333.244,426.399,140.736,320.124,282.988,1004.493,3631.56
2013-10-01,118.667,1353.494,407.505,671.595,138.105,383.356,324.405,1084.192,4073.814
2013-11-01,252.616,1267.625,409.828,496.357,202.144,437.171,318.924,991.826,3966.662
2013-12-01,220.436,1280.342,399.952,618.805,212.679,603.059,375.553,1290.693,4601.569
2014-01-01,248.322,1067.698,355.328,596.6,135.671,474.908,324.339,1063.796,3911.334
2014-02-01,246.682,852.492,341.671,550.317,145.968,423.562,429.172,1009.531,3657.724
2014-03-01,251.412,1013.931,330.836,589.948,141.346,401.098,446.667,1148.501,3992.902
2014-04-01,281.597,1161.67,406.694,671.724,114.28,395.128,326.929,1022.843,3974.17
2014-05-01,308.616,1161.569,450.537,721.917,158.336,494.689,328.326,939.278,4112.732
2014-06-01,394.448,1170.205,383.696,671.748,151.856,367.693,406.886,992.12,4154.957
2014-07-01,420.794,1206.854,435.756,767.61,206.407,441.467,357.093,1063.711,4463.934
2014-08-01,391.477,1291.344,403.833,742.475,212.583,419.494,328.877,1070.986,4457.237
2014-09-01,349.309,1096.971,462.111,762.369,137.876,334.885,340.505,925.085,3947.0
2014-10-01,375.918,929.13,548.542,825.351,202.519,382.116,382.158,1036.791,4133.984
2014-11-01,520.644,1100.992,424.171,702.122,189.302,497.026,312.69,1030.04,4352.816
2014-12-01,421.078,1139.485,522.41,818.649,155.326,661.188,386.435,1309.775,4891.936
2015-01-01,494.919,1120.897,510.857,808.1,241.031,551.348,277.454,1081.64,4575.389
2015-02-01,442.135,943.203,661.938,1020.936,192.75,547.548,353.187,1140.308,4640.067
2015-03-01,437.593,1017.703,470.138,752.252,154.68,404.939,317.771,1006.935,4091.874
2015-04-01,598.97,1219.163,628.519,908.838,193.671,364.707,448.465,1203.82,4937.633
2015-05-01,527.025,1280.457,582.853,952.358,129.305,452.039,370.436,1141.149,4852.77
2015-06-01,445.162,1209.768,538.212,931.84,146.625,399.361,367.057,1156.755,4656.568
2015-07-01,546.246,1328.262,606.765,1003.495,181.171,512.419,304.609,1084.271,4960.472
2015-08-01,460.835,1066.164,596.588,991.49,153.749,448.718,322.083,1064.368,4507.405
2015-09-01,410.481,1276.8,739.022,1135.922,162.176,356.493,301.545,1207.909,4851.326
2015-10-01,500.102,1149.665,604.775,952.854,118.49,478.633,265.953,1150.853,4616.55
2015-11-01,319.748,1178.02,697.364,1079.506,191.055,612.279,261.4,1261.287,4903.295
2015-12-01,392.332,1299.837,750.552,1066.826,154.531,583.651,328.689,1440.363,5266.229
2016-01-01,489.537,918.693,865.494,1245.316,205.46,585.838,298.475,1233.621,4976.94
2016-02-01,453.839,895.935,875.752,1239.225,170.861,695.716,329.357,1149.068,4934.002
2016-03-01,595.849,1190.035,682.101,1088.258,126.075,614.617,350.232,1126.509,5091.576
2016-04-01,623.788,1282.541,700.517,1150.284,164.049,526.114,207.368,1241.048,5195.193
2016-05-01,787.552,1235.047,854.39,1344.625,184.216,581.17,342.212,1264.587,5739.408
2016-06-01,530.49,1443.157,761.037,1172.945,205.007,567.148,289.774,1228.431,5436.952
2016-07-01,535.861,1353.215,751.506,1161.064,143.469,527.094,261.394,1244.163,5226.259
2016-08-01,720.359,1211.509,664.194,1073.688,199.538,480.911,297.246,1113.276,5096.527
2016-09-01,774.684,1211.324,656.357,1102.322,170.595,569.182,361.305,1249.915,5439.327
2016-10-01,501.675,1004.498,870.463,1232.696,137.062,691.809,251.046,1165.764,4984.55
2016-11-01,605.676,1164.575,832.483,1246.252,197.29,852.684,334.966,1024.51,5425.952
2016-12-01,468.319,1230.397,1072.834,1476.812,200.489,935.725,251.809,1010.228,5573.779
2017-01-01,711.156,1155.724,1099.603,1455.616,174.11,819.835,217.119,1111.03,5644.59
2017-02-01,1146.158,1236.72,946.666,1441.34,177.636,717.631,453.232,1287.834,6460.551
2017-03-01,930.02,1192.444,972.742,1485.904,175.389,629.712,317.282,1323.016,6053.766
2017-04-01,1127.828,1355.095,915.882,1477.794,202.648,656.703,313.295,1144.13,6277.494
2017-05-01,1098.34,1510.081,858.644,1347.477,172.268,621.591,275.619,1206.484,6231.86
2017-06-01,865.088,1604.365,755.857,1248.66,235.487,706.957,362.802,1228.628,6251.986
2017-07-01,956.188,1750.409,794.796,1281.868,220.045,711.983,341.851,1029.15,6291.494
2017-08-01,817.349,1380.498,715.671,1231.848,197.828,604.759,218.114,1215.087,5665.482
2017-09-01,1463.316,1196.159,923.482,1442.104,128.726,671.342,330.034,1057.152,6288.833
2017-10-01,1720.225,1413.035,1043.671,1431.338,148.378,734.409,387.62,1251.412,7086.416
2017-11-01,1544.115,1358.074,936.457,1495.383,201.373,1090.139,228.145,1226.783,7144.011
2017-12-01,1522.058,1408.001,1001.561,1514.959,174.566,1027.242,259.201,1229.738,7135.765
2018-01-01,1361.969,998.69,849.349,1455.842,196.766,975.07,278.776,1193.889,6461.002
2018-02-01,1735.318,1034.084,818.463,1436.007,176.401,933.788,313.12,1278.288,6907.006
2018-03-01,1969.359,1128.012,889.232,1427.001,247.434,951.475,332.462,1281.185,7336.93
2018-04-01,1919.379,1463.967,876.019,1669.645,226.048,866.514,322.556,1328.905,7797.015
2018-05-01,2067.086,1371.829,1002.803,1752.951,244.903,719.742,393.553,1166.918,7716.983
2018-06-01,2278.859,1467.192,876.793,1618.581,214.936,686.215,352.923,1205.004,7823.709
2018-07-01,2306.728,1302.461,1074.876,1662.669,268.707,821.334,333.637,1266.985,7962.52
2018-08-01,1858.692,1277.573,1032.772,1659.968,223.06,681.005,384.414,1079.217,7163.928
2018-09-01,2015.093,1298.178,823.256,1582.16,166.457,814.538,278.504,1259.986,7414.915
2018-10-01,2256.476,1334.357,927.824,1613.526,276.847,1009.447,330.034,1190.486,8011.173
2018-11-01,2400.42,1391.685,1038.366,1658.64,214.972,1071.713,230.523,1312.935,8280.887
2018-12-01,2390.611,1385.419,1163.297,1670.537,211.033,1017.386,300.744,1325.262,8300.992
2019-01-01,2642.948,1279.576,1030.015,1561.352,263.972,826.344,229.801,1178.279,7982.272
2019-02-01,2914.882,1160.146,891.801,1516.756,191.631,912.332,242.12,1281.349,8219.217
2019-03-01,2673.027,1172.724,918.343,1651.564,173.065,873.056,243.347,1158.758,7945.54
2019-04-01,2910.716,1261.282,1166.412,1922.659,194.772,655.485,356.63,1080.682,8382.226
2019-05-01,2958.782,1287.332,1085.345,1801.602,193.997,741.974,300.504,953.795,8237.987
2019-06-01,3099.821,1515.874,1157.963,1859.699,213.306,699.291,194.402,993.847,8576.239
2019-07-01,2705.915,1373.949,1188.152,1893.148,208.966,683.43,142.086,1076.568,8084.063
2019-08-01,2755.043,1530.001,1035.36,1832.027,254.364,695.584,286.89,1083.732,8437.641
2019-09-01,3092.661,1427.028,1123.883,1884.707,242.645,782.931,202.279,1039.566,8671.817
2019-10-01,3411.951,1204.91,1168.476,2080.846,221.526,897.926,148.271,1073.926,9039.354
2019-11-01,3080.253,1147.614,1158.924,1981.467,225.703,1049.226,204.15,1052.851,8741.263
2019-12-01,3537.02,1300.515,1235.101,1954.673,256.444,964.032,198.643,1119.41,9330.737
2020-01-01,3387.634,1236.504,1210.18,2135.768,227.051,837.252,186.053,1217.964,9228.227
2020-02-01,3537.128,1314.981,1204.838,2203.649,246.504,823.085,197.079,1266.978,9589.403
2020-03-01,3625.326,1426.689,1266.906,2068.421,210.812,781.558,166.396,1243.171,9522.374
2020-04-01,2882.618,1044.425,1279.333,2139.62,79.687,775.598,230.554,1200.605,8353.106
2020-05-01,3177.193,799.111,1053.777,1790.262,21.721,319.993,155.954,847.462,7111.696
2020-06-01,2747.381,1305.273,1228.939,1968.088,44.352,454.632,148.766,939.556,7608.047
2020-07-01,3342.944,1371.621,1243.142,2043.333,54.164,588.218,120.731,963.711,8484.723
2020-08-01,3408.531,1345.68,1128.653,1952.756,30.291,766.813,121.388,924.698,8550.158
2020-09-01,3264.591,1183.725,1150.031,1934.425,45.57,782.5,139.505,964.255,8314.571
2020-10-01,2938.86,1050.277,1423.213,2336.855,40.803,787.465,108.638,1125.93,8388.828
2020-11-01,2786.144,994.941,1330.853,2154.022,79.115,830.499,127.051,940.919,7912.691
2020-12-01,3356.387,1169.068,1614.573,2246.495,82.44,922.417,76.625,1070.429,8923.861
2021-01-01,3172.55,901.569,1384.181,2261.36,92.007,752.997,71.686,1166.971,8419.14
2021-02-01,2565.746,881.965,1143.456,2004.216,67.882,627.866,115.469,1028.33,7291.472
2021-03-01,2808.035,845.951,1239.301,2269.191,72.716,741.456,106.599,1051.638,7895.586
2021-04-01,3174.501,1040.861,1435.043,2424.02,64.978,700.132,173.901,1130.692,8709.086
2021-05-01,2834.287,1040.372,1256.25,2339.657,110.395,881.56,88.34,1165.519,8460.13
2021-06-01,3413.505,1257.399,1390.536,2428.332,93.033,794.68,126.734,1250.843,9364.525
2021-07-01,2704.181,1281.409,1244.311,2181.514,91.017,856.909,125.499,1193.116,8433.647
2021-08-01,2992.339,1159.557,1364.856,2458.079,139.481,846.15,74.48,1196.687,8866.773
2021-09-01,2533.545,932.18,1315.235,2218.117,109.06,775.332,102.111,1101.335,7771.679
2021-10-01,2779.155,1027.616,1237.01,2228.918,125.595,833.495,46.48,1185.134,8226.393
2021-11-01,3136.537,1127.429,1501.823,2498.832,148.683,933.701,85.851,1254.007,9185.039
2021-12-01,3412.89,1320.955,1401.714,2377.371,169.641,1033.303,56.067,1343.978,9714.204
2022-01-01,3353.782,936.911,1409.179,2266.947,136.2,730.881,89.45,1175.648,8689.818
2022-02-01,3244.24,883.377,1352.422,2268.845,149.545,789.221,124.421,1275.106,8734.754
2022-03-01,3195.953,1201.835,1352.439,2328.358,177.533,728.646,125.693,1311.823,9069.841
2022-04-01,3504.694,1267.18,1420.558,2420.887,205.34,832.852,117.552,1316.436,9664.941
2022-05-01,3305.568,1181.524,1372.444,2449.066,156.175,897.556,129.765,1259.108,9378.762
2022-06-01,3454.204,1210.145,1526.599,2642.586,192.901,909.001,126.852,1262.497,9798.186
2022-07-01,3680.244,1531.98,1351.339,2339.195,200.218,763.284,67.604,1092.606,9675.131
2022-08-01,3564.406,1360.85,1460.532,2478.389,206.316,940.101,108.877,1088.48,9747.419
2022-09-01,3715.647,1309.178,1299.39,2381.478,211.543,1027.643,67.997,1140.782,9854.268
2022-10-01,4002.072,1021.28,1439.21,2401.735,142.659,849.292,94.892,1063.028,9574.958
2022-11-01,4105.461,1169.438,1330.083,2371.723,173.067,998.212,131.552,1029.054,9978.506
2022-12-01,3771.476,1346.285,1470.172,2556.235,179.695,940.803,138.648,1101.514,10034.656
2023-01-01,3409.226,903.085,1459.331,2554.957,193.815,856.778,106.208,1224.277,9248.346
2023-02-01,4113.069,928.113,1577.932,2588.537,177.823,763.554,122.569,1083.686,9777.351
2023-03-01,4412.51,1142.539,1806.708,2942.659,194.465,798.014,215.911,1178.936,10885.034
2023-04-01,4136.884,1019.65,1526.198,2632.054,127.794,781.042,116.979,1136.434,9950.837
2023-05-01,3846.217,1163.196,1527.192,2584.82,129.193,743.692,124.884,1332.093,9924.095
2023-06-01,3913.359,1161.748,1529.239,2621.646,162.62,731.761,149.476,1343.463,10084.072
2023-07-01,3922.582,1261.694,1550.532,2565.029,150.493,876.238,155.019,1387.789,10318.844
2023-08-01,4405.881,1206.692,1483.515,2601.467,209.516,743.063,102.58,1201.504,10470.703
2023-09-01,4136.967,1078.229,1636.087,2746.484,139.496,761.123,106.116,1143.964,10112.378
2023-10-01,4128.422,1077.553,1704.959,2748.373,146.441,823.644,112.73,1142.8,10179.962
2023-11-01,3928.945,1161.609,1786.211,2789.363,188.221,898.838,82.056,1187.714,10236.744
2023-12-01,4621.713,1269.13,1822.657,2786.149,252.262,1010.798,107.323,1517.289,11564.664
2024-01-01,4049.093,1026.721,1698.832,2714.178,219.7,873.183,74.057,1415.078,10372.01
2024-02-01,4660.393,950.427,1847.857,2888.866,230.201,765.052,190.066,1300.107,10985.112
2024-03-01,4311.54,1126.955,1687.099,2762.008,181.962,799.862,168.651,1350.134,10701.112
2024-04-01,4100.34,1228.501,1678.168,2864.643,192.809,734.623,165.536,1227.373,10513.826
2024-05-01,4116.173,1275.763,1682.602,2732.71,157.893,708.36,111.888,1199.673,10302.461
2024-06-01,4231.014,1456.51,1743.488,2849.068,240.89,810.384,154.917,1298.427,11041.209
2024-07-01,4192.821,1344.009,1649.329,2790.344,173.709,757.156,150.155,1154,10562.193
2024-08-01,3907.376,1515.554,1846.799,2933.962,220.449,781.129,137.256,1370.772,10866.499
2024-09-01,3721.567,1459.578,1838.14,3062.174,205.754,694.601,176.3,1255.276,10575.251
2024-10-01,3832.387,1283.226,Not Available,Not Available,229.29,871.323,143.613,Not Available,10533.419
2024-11-01,4107,1356.433,Not Available,Not Available,236.267,1014.267,138.5,Not Available,11038.667
