Month,"Wells Drilled, Crude Oil","Wells Drilled, Natural Gas","Wells Drilled, Dry","Crude Oil, Natural Gas, and Dry Wells Drilled, Horizontal and Directional Trajectory","Crude Oil, Natural Gas, and Dry Wells Drilled, Vertical Trajectory","Crude Oil, Natural Gas, and Dry Wells Drilled, Total","Crude Oil Wells, Total Footage Drilled ","Natural Gas Wells, Total Footage Drilled  ","Dry Wells, Total Footage Drilled ","Crude Oil, Natural Gas, and Dry Wells, Horizontal and Directional Trajectory, Total Footage Drilled","Crude Oil, Natural Gas, and Dry Wells, Vertical Trajectory, Total Footage Drilled","Crude Oil, Natural Gas, and Dry Wells, Total Footage Drilled"
1973-01-01,779,519,868,Not Available,Not Available,2166,Not Available,Not Available,Not Available,Not Available,Not Available,11426
1973-02-01,695,454,747,Not Available,Not Available,1896,Not Available,Not Available,Not Available,Not Available,Not Available,10108
1973-03-01,846,494,811,Not Available,Not Available,2151,Not Available,Not Available,Not Available,Not Available,Not Available,11027
1973-04-01,679,546,658,Not Available,Not Available,1883,Not Available,Not Available,Not Available,Not Available,Not Available,10005
1973-05-01,891,598,809,Not Available,Not Available,2298,Not Available,Not Available,Not Available,Not Available,Not Available,11845
1973-06-01,915,543,821,Not Available,Not Available,2279,Not Available,Not Available,Not Available,Not Available,Not Available,11253
1973-07-01,857,615,895,Not Available,Not Available,2367,Not Available,Not Available,Not Available,Not Available,Not Available,11474
1973-08-01,978,690,1022,Not Available,Not Available,2690,Not Available,Not Available,Not Available,Not Available,Not Available,13108
1973-09-01,898,574,861,Not Available,Not Available,2333,Not Available,Not Available,Not Available,Not Available,Not Available,11402
1973-10-01,896,694,948,Not Available,Not Available,2538,Not Available,Not Available,Not Available,Not Available,Not Available,12569
1973-11-01,911,616,906,Not Available,Not Available,2433,Not Available,Not Available,Not Available,Not Available,Not Available,12089
1973-12-01,822,590,974,Not Available,Not Available,2386,Not Available,Not Available,Not Available,Not Available,Not Available,11917
1974-01-01,909,686,867,Not Available,Not Available,2462,Not Available,Not Available,Not Available,Not Available,Not Available,12015
1974-02-01,883,545,796,Not Available,Not Available,2224,Not Available,Not Available,Not Available,Not Available,Not Available,10950
1974-03-01,1077,657,895,Not Available,Not Available,2629,Not Available,Not Available,Not Available,Not Available,Not Available,12805
1974-04-01,1137,624,955,Not Available,Not Available,2716,Not Available,Not Available,Not Available,Not Available,Not Available,13188
1974-05-01,1191,604,1028,Not Available,Not Available,2823,Not Available,Not Available,Not Available,Not Available,Not Available,13147
1974-06-01,1229,595,947,Not Available,Not Available,2771,Not Available,Not Available,Not Available,Not Available,Not Available,12441
1974-07-01,1253,604,1115,Not Available,Not Available,2972,Not Available,Not Available,Not Available,Not Available,Not Available,13830
1974-08-01,1210,554,1061,Not Available,Not Available,2825,Not Available,Not Available,Not Available,Not Available,Not Available,12701
1974-09-01,1083,569,1074,Not Available,Not Available,2726,Not Available,Not Available,Not Available,Not Available,Not Available,12661
1974-10-01,1281,633,1149,Not Available,Not Available,3063,Not Available,Not Available,Not Available,Not Available,Not Available,13803
1974-11-01,1105,526,1098,Not Available,Not Available,2729,Not Available,Not Available,Not Available,Not Available,Not Available,12600
1974-12-01,1289,541,1131,Not Available,Not Available,2961,Not Available,Not Available,Not Available,Not Available,Not Available,13233
1975-01-01,1315,613,1139,Not Available,Not Available,3067,Not Available,Not Available,Not Available,Not Available,Not Available,14871
1975-02-01,1067,539,861,Not Available,Not Available,2467,Not Available,Not Available,Not Available,Not Available,Not Available,12309
1975-03-01,1314,534,1028,Not Available,Not Available,2876,Not Available,Not Available,Not Available,Not Available,Not Available,14234
1975-04-01,1333,587,1033,Not Available,Not Available,2953,Not Available,Not Available,Not Available,Not Available,Not Available,14177
1975-05-01,1352,634,1043,Not Available,Not Available,3029,Not Available,Not Available,Not Available,Not Available,Not Available,14727
1975-06-01,1434,673,1081,Not Available,Not Available,3188,Not Available,Not Available,Not Available,Not Available,Not Available,14458
1975-07-01,1450,731,1149,Not Available,Not Available,3330,Not Available,Not Available,Not Available,Not Available,Not Available,15308
1975-08-01,1615,805,1158,80,3498,3578,6228,4338,5681,761,15485,16247
1975-09-01,1638,753,1124,79,3436,3515,6423,3940,5383,685,15061,15745
1975-10-01,1740,872,1268,92,3788,3880,6784,4468,6036,798,16491,17289
1975-11-01,1537,711,1192,90,3350,3440,6175,3775,5766,839,14878,15717
1975-12-01,1654,748,1245,89,3558,3647,6725,3975,6416,775,16342,17117
1976-01-01,1748,777,1216,78,3663,3741,6708,4317,6303,732,16596,17328
1976-02-01,1384,717,996,101,2996,3097,5654,4209,5085,900,14048,14948
1976-03-01,1540,737,1121,99,3299,3398,6155,4060,5669,951,14934,15885
1976-04-01,1583,695,1049,100,3227,3327,6432,3994,5259,955,14731,15685
1976-05-01,1529,757,1016,108,3194,3302,6086,4265,4764,1047,14068,15115
1976-06-01,1625,798,1108,95,3436,3531,6666,4325,5165,874,15283,16156
1976-07-01,1647,799,1118,115,3449,3564,6430,4175,5631,1120,15115,16236
1976-08-01,1816,948,1202,104,3862,3966,6940,5042,5490,951,16522,17473
1976-09-01,1691,856,1184,89,3642,3731,6532,4588,5687,817,15990,16807
1976-10-01,1827,873,1322,119,3903,4022,7176,4760,6483,1098,17321,18419
1976-11-01,1720,874,1257,115,3736,3851,6789,4654,6126,1022,16546,17568
1976-12-01,1690,849,1278,128,3689,3817,6721,4560,6221,1111,16391,17502
1977-01-01,1524,762,1067,105,3248,3353,6295,4318,5848,911,15550,16461
1977-02-01,1504,827,1032,117,3246,3363,6272,4657,5457,1044,15342,16386
1977-03-01,1826,1038,1199,129,3934,4063,7682,5818,6219,1181,18538,19719
1977-04-01,1729,951,1149,97,3732,3829,6884,5269,5884,902,17136,18037
1977-05-01,1826,973,1188,114,3873,3987,7324,5432,6089,1065,17780,18845
1977-06-01,1810,1155,1233,111,4087,4198,7322,6173,6212,961,18746,19707
1977-07-01,1734,1052,1248,117,3917,4034,6915,5521,6143,1054,17524,18578
1977-08-01,1909,1244,1358,116,4395,4511,7612,6622,6661,958,19936,20894
1977-09-01,1816,1127,1342,109,4176,4285,7373,6093,6394,978,18883,19861
1977-10-01,1873,1252,1412,159,4378,4537,7536,6979,7026,1441,20101,21541
1977-11-01,1781,1090,1383,153,4101,4254,7067,5996,6897,1377,18582,19959
1977-12-01,1758,1142,1364,118,4146,4264,6815,5964,7170,1022,18926,19949
1978-01-01,1552,967,1225,100,3644,3744,6364,5533,6342,882,17358,18240
1978-02-01,1309,848,1031,102,3086,3188,5556,4780,5722,912,15146,16058
1978-03-01,1590,1100,1228,132,3786,3918,7053,6546,6718,1290,19028,20317
1978-04-01,1780,1146,1193,104,4015,4119,7392,6411,6093,908,18988,19896
1978-05-01,1983,1232,1341,127,4429,4556,7547,6553,7018,1196,19921,21117
1978-06-01,1999,1315,1352,126,4540,4666,7580,7159,6823,1195,20366,21562
1978-07-01,1737,1247,1359,137,4206,4343,6881,6709,7033,1267,19356,20623
1978-08-01,1923,1385,1487,128,4667,4795,7670,7386,7521,1183,21395,22578
1978-09-01,1765,1297,1486,115,4433,4548,7158,6761,7647,1014,20552,21566
1978-10-01,2128,1521,1595,142,5102,5244,8259,7896,7819,1323,22650,23974
1978-11-01,1834,1389,1444,113,4554,4667,7073,6979,7457,1004,20505,21509
1978-12-01,1822,1233,1449,142,4362,4504,7018,6435,7579,1353,19679,21032
1979-01-01,1581,1095,1127,115,3688,3803,5901,6140,6320,950,17411,18361
1979-02-01,1275,965,989,106,3123,3229,5476,5520,5439,939,15496,16435
1979-03-01,1534,1143,1131,149,3659,3808,6785,6886,6015,1388,18298,19686
1979-04-01,1544,1053,1130,119,3608,3727,6287,6070,5751,1155,16953,18108
1979-05-01,1867,1303,1292,164,4298,4462,7272,7391,6406,1571,19499,21069
1979-06-01,1983,1355,1327,137,4528,4665,7701,7104,6414,1300,19920,21219
1979-07-01,2061,1356,1397,109,4705,4814,8081,6895,6771,988,20760,21748
1979-08-01,2220,1486,1533,170,5069,5239,8868,7679,7473,1577,22443,24019
1979-09-01,2229,1306,1452,103,4884,4987,8248,6710,6993,983,20968,21951
1979-10-01,2572,1595,1650,149,5668,5817,9667,8417,7814,1353,24545,25898
1979-11-01,2411,1327,1597,140,5195,5335,8977,7069,7691,1336,22401,23737
1979-12-01,2478,1347,1639,137,5327,5464,8970,7398,8097,1304,23161,24465
1980-01-01,2569,1257,1554,135,5245,5380,9885,7140,7643,1234,23433,24667
1980-02-01,2351,1205,1332,123,4765,4888,8891,6543,6659,1057,21036,22093
1980-03-01,2615,1253,1386,148,5106,5254,10051,7211,7040,1320,22982,24302
1980-04-01,2830,1318,1466,131,5483,5614,10672,7538,6791,1187,23814,25001
1980-05-01,3058,1266,1716,132,5908,6040,11168,6949,8280,1199,25197,26396
1980-06-01,3136,1528,1804,140,6328,6468,11781,8178,8227,1250,26937,28186
1980-07-01,3245,1489,1803,157,6380,6537,11938,8022,8258,1322,26895,28218
1980-08-01,3351,1565,1986,131,6771,6902,12157,7917,8930,1132,27872,29004
1980-09-01,3457,1617,1955,142,6887,7029,12341,8724,8844,1202,28708,29909
1980-10-01,3768,1691,2069,138,7390,7528,13528,8762,9043,1171,30162,31333
1980-11-01,3246,1442,1952,135,6505,6640,11870,7541,8687,1146,26952,28097
1980-12-01,3583,1477,2102,165,6997,7162,12992,8124,9653,1388,29382,30769
1981-01-01,3784,1571,2124,157,7322,7479,13858,8463,10103,1361,31063,32424
1981-02-01,3303,1329,1852,141,6343,6484,12539,7491,8558,1197,27390,28587
1981-03-01,4009,1467,2119,148,7447,7595,14846,8362,10078,1268,32017,33285
1981-04-01,4130,1610,2203,174,7769,7943,15134,8606,10329,1513,32557,34069
1981-05-01,4158,1615,2286,176,7883,8059,15775,9069,10547,1506,33885,35391
1981-06-01,4252,1633,2353,158,8080,8238,16279,8933,11030,1353,34889,36243
1981-07-01,4593,1655,2415,192,8471,8663,16805,9083,11055,1643,35299,36942
1981-08-01,4590,1769,2620,178,8801,8979,16559,9494,12349,1402,37000,38403
1981-09-01,4486,1746,2575,206,8601,8807,16749,9368,11845,1736,36226,37962
1981-10-01,4403,1856,2736,168,8827,8995,16715,10352,12777,1494,38350,39844
1981-11-01,4075,1668,2541,161,8123,8284,15562,9037,11897,1391,35106,36497
1981-12-01,4463,1787,2727,181,8796,8977,17169,10124,13310,1670,38933,40603
1982-01-01,3756,1485,2408,158,7491,7649,15156,8805,12064,1420,34604,36024
1982-02-01,3469,1524,2096,170,6919,7089,13780,8828,10468,1484,31592,33076
1982-03-01,4356,1738,2373,206,8261,8467,17427,10529,11634,1872,37719,39591
1982-04-01,4021,1471,2242,192,7542,7734,15311,8674,10356,1643,32699,34342
1982-05-01,3812,1608,2001,180,7241,7421,13998,9392,9288,1679,31000,32679
1982-06-01,3514,1601,2079,184,7010,7194,13143,9154,9350,1648,29999,31647
1982-07-01,3639,1462,2257,185,7173,7358,13012,8687,9807,1579,29927,31505
1982-08-01,3782,1521,2268,188,7383,7571,13355,8680,10193,1651,30577,32228
1982-09-01,3403,1387,2152,157,6785,6942,11903,8061,9519,1211,28271,29482
1982-10-01,3592,1397,2299,174,7114,7288,12763,8393,10232,1528,29860,31388
1982-11-01,3427,1431,2065,166,6757,6923,11718,8101,8950,1425,27344,28769
1982-12-01,3569,1503,2223,154,7141,7295,12200,8086,9930,1251,28966,30217
1983-01-01,3613,1400,2118,157,6974,7131,12746,7758,9792,1300,28996,30295
1983-02-01,2943,1083,1792,171,5647,5818,10752,6225,7912,1503,23385,24889
1983-03-01,3202,1118,1903,153,6070,6223,12121,6459,8526,1444,25662,27106
1983-04-01,2949,933,1605,153,5334,5487,11047,5529,7293,1291,22578,23869
1983-05-01,3134,949,1828,161,5750,5911,11737,5565,8003,1439,23866,25305
1983-06-01,3443,988,1959,130,6260,6390,11905,5650,7437,1191,23801,24992
1983-07-01,3502,1081,2138,152,6569,6721,12179,5858,8577,1357,25257,26614
1983-08-01,3794,1245,2242,164,7117,7281,13057,6551,8812,1413,27008,28421
1983-09-01,3722,1219,2126,139,6928,7067,12965,6316,8586,1204,26663,27867
1983-10-01,3883,1344,2392,171,7448,7619,14034,6642,10144,1392,29428,30820
1983-11-01,3755,1259,2324,159,7179,7338,13680,6320,10035,1360,28675,30035
1983-12-01,3581,1257,2119,176,6781,6957,13191,6583,9725,1383,28115,29499
1984-01-01,4799,1253,2129,182,7999,8181,16117,6783,10163,1583,31480,33063
1984-02-01,3844,1266,1830,139,6801,6940,14364,6874,8837,1100,28975,30075
1984-03-01,3628,1174,1799,170,6431,6601,14346,7180,8840,1476,28889,30365
1984-04-01,3499,1034,1736,190,6079,6269,12786,6250,8404,1644,25795,27439
1984-05-01,4052,1331,2062,185,7260,7445,15111,7277,9412,1449,30350,31799
1984-06-01,4239,1436,2476,187,7964,8151,15156,7520,10371,1565,31482,33047
1984-07-01,4275,1416,2371,192,7870,8062,15498,7661,10147,1532,31774,33306
1984-08-01,4259,1515,2619,177,8216,8393,15045,7906,11275,1404,32822,34226
1984-09-01,4053,1404,2247,179,7525,7704,14548,7339,9926,1299,30515,31813
1984-10-01,4080,1551,2243,208,7666,7874,15505,8151,9993,1734,31915,33649
1984-11-01,4135,1561,2238,184,7750,7934,14881,7927,10199,1453,31554,33007
1984-12-01,4047,1429,2263,195,7544,7739,14466,7309,10748,1609,30915,32523
1985-01-01,3698,1333,2044,182,6893,7075,14051,7355,10231,1559,30077,31636
1985-02-01,3016,1181,1531,173,5555,5728,12363,6739,7877,1554,25425,26979
1985-03-01,3604,1217,1870,196,6495,6691,14254,6739,8945,1668,28271,29939
1985-04-01,3389,1129,1852,160,6210,6370,13007,6304,8720,1437,26595,28031
1985-05-01,3164,1042,1788,188,5806,5994,12777,5917,8288,1526,25456,26982
1985-06-01,3297,1098,1850,178,6067,6245,12099,6023,8055,1481,24695,26176
1985-07-01,3555,1242,1971,195,6573,6768,12524,6622,8997,1502,26641,28143
1985-08-01,3732,1284,2033,193,6856,7049,13540,6717,9187,1531,27913,29444
1985-09-01,3264,1259,1874,186,6211,6397,11928,6446,8580,1475,25478,26953
1985-10-01,3467,1382,1900,177,6572,6749,12722,6950,8623,1392,26903,28294
1985-11-01,2949,1052,1659,180,5480,5660,11243,5909,7984,1358,23778,25136
1985-12-01,3082,1090,1898,176,5894,6070,12068,5979,9305,1461,25891,27352
1986-01-01,3672,1165,1773,196,6414,6610,13374,6066,8671,1623,26488,28110
1986-02-01,2623,846,1320,176,4613,4789,10856,4862,6941,1529,21129,22659
1986-03-01,2548,850,1388,141,4645,4786,10262,4804,6382,1153,20294,21448
1986-04-01,1975,745,1115,160,3675,3835,8196,4320,5094,1439,16171,17610
1986-05-01,1375,568,954,112,2785,2897,5604,3113,4425,839,12303,13142
1986-06-01,1223,586,826,114,2521,2635,4784,3048,3572,1032,10372,11404
1986-07-01,1142,644,920,97,2609,2706,4666,3054,4023,866,10878,11743
1986-08-01,1145,640,880,93,2572,2665,4450,3085,3808,849,10495,11344
1986-09-01,1152,641,812,92,2513,2605,4215,3118,3789,816,10306,11122
1986-10-01,1207,773,833,102,2711,2813,4503,3838,3925,902,11364,12266
1986-11-01,1208,705,870,86,2697,2783,4532,3557,3935,671,11352,12024
1986-12-01,1266,787,1010,125,2938,3063,5114,3991,4890,1064,12931,13995
1987-01-01,1363,759,892,112,2902,3014,5638,4002,4510,927,13223,14150
1987-02-01,1246,686,698,92,2538,2630,5085,3527,3297,766,11143,11909
1987-03-01,1128,691,757,108,2468,2576,4839,3631,3477,932,11015,11947
1987-04-01,1154,587,833,97,2477,2574,4979,3266,3666,794,11116,11910
1987-05-01,1290,548,852,107,2583,2690,5249,2888,4054,835,11355,12190
1987-06-01,1392,601,848,133,2708,2841,5218,3211,3990,970,11449,12419
1987-07-01,1557,652,966,127,3048,3175,5800,3659,4293,928,12824,13752
1987-08-01,1628,761,999,150,3238,3388,6220,3778,4700,1090,13607,14697
1987-09-01,1604,750,1061,142,3273,3415,6524,3740,5070,1096,14237,15333
1987-10-01,1698,927,1184,156,3653,3809,6870,4834,5426,1220,15912,17131
1987-11-01,1633,731,981,136,3209,3345,6597,3911,4833,1059,14282,15342
1987-12-01,1514,748,1042,156,3148,3304,6467,4146,5350,1228,14735,15962
1988-01-01,1410,702,856,155,2813,2968,6456,4025,4343,1203,13620,14823
1988-02-01,1321,701,744,120,2646,2766,5784,3935,3969,1013,12675,13688
1988-03-01,1338,682,775,138,2657,2795,5870,3876,4120,1151,12715,13866
1988-04-01,1358,570,811,148,2591,2739,5739,3264,4075,1133,11945,13078
1988-05-01,1363,582,892,153,2684,2837,5421,3185,4344,1143,11807,12950
1988-06-01,1380,670,843,168,2725,2893,5487,3712,4157,1369,11987,13356
1988-07-01,1209,687,855,172,2579,2751,5071,3784,4381,1386,11849,13236
1988-08-01,1211,727,882,152,2668,2820,4792,3707,4631,1093,12038,13130
1988-09-01,1080,770,823,129,2544,2673,4811,4076,4148,1142,11893,13035
1988-10-01,1051,829,928,147,2661,2808,4508,4187,4555,1231,12019,13250
1988-11-01,867,780,732,134,2245,2379,3672,4159,3816,1189,10458,11647
1988-12-01,861,798,757,150,2266,2416,3831,4321,4007,1304,10855,12159
1989-01-01,826,784,656,113,2161,2266,4042,4146,3278,961,10505,11466
1989-02-01,578,659,466,104,1606,1703,2800,3577,2451,849,7979,8828
1989-03-01,698,681,607,121,1903,1986,3270,3670,2872,974,8837,9811
1989-04-01,884,630,680,104,2104,2194,3825,3492,3323,1066,9573,10639
1989-05-01,880,652,649,113,2094,2181,3927,3235,3054,945,9271,10216
1989-06-01,820,743,680,120,2098,2243,3810,3567,3206,1005,9577,10582
1989-07-01,871,825,689,125,2270,2385,3710,3999,3349,1164,9894,11058
1989-08-01,982,919,731,157,2533,2632,4064,4621,3606,1376,10916,12292
1989-09-01,850,894,752,132,2374,2496,4012,4249,3768,1206,10823,12029
1989-10-01,921,951,830,149,2558,2702,4191,4692,4047,1190,11740,12930
1989-11-01,958,892,757,180,2459,2607,4210,4830,3887,1553,11373,12926
1989-12-01,962,892,739,181,2380,2593,4303,4687,3899,1492,11396,12888
1990-01-01,1020,948,691,200,2395,2659,4931,4775,3758,1683,11780,13464
1990-02-01,863,786,534,176,1972,2183,4024,4118,2868,1352,9658,11010
1990-03-01,932,789,566,230,1975,2287,4494,4367,2877,2055,9683,11738
1990-04-01,863,717,600,210,1897,2180,4134,3592,3403,1816,9312,11129
1990-05-01,891,877,598,230,2008,2366,4436,4135,3002,1957,9616,11574
1990-06-01,953,945,659,214,2169,2557,4251,4072,3323,1819,9826,11645
1990-07-01,1018,1043,701,238,2387,2762,4635,4649,3453,2043,10693,12737
1990-08-01,1150,1068,761,277,2558,2979,4951,4694,3490,2194,10940,13134
1990-09-01,1135,1023,717,237,2495,2875,4688,4578,3502,1803,10965,12769
1990-10-01,1404,1187,839,284,2922,3430,5653,5081,4049,2270,12512,14782
1990-11-01,1353,896,826,270,2675,3075,5371,4330,3805,2258,11248,13506
1990-12-01,1257,967,753,273,2534,2977,5586,4479,3831,2368,11528,13896
1991-01-01,1311,773,564,280,2368,2648,5903,4097,3061,2469,10593,13062
1991-02-01,1228,681,601,225,2285,2510,5441,3869,3113,1978,10444,12422
1991-03-01,1240,651,617,264,2244,2508,5756,3900,3093,2477,10272,12749
1991-04-01,1180,625,631,232,2204,2436,5323,3788,3256,2099,10268,12367
1991-05-01,1130,654,592,230,2146,2376,4933,3601,2809,1937,9405,11342
1991-06-01,971,652,639,243,2019,2262,4399,3903,3093,2110,9284,11394
1991-07-01,1031,697,712,222,2218,2440,4591,3910,3442,2031,9912,11943
1991-08-01,1078,751,643,231,2241,2472,4673,4170,3195,2113,9925,12038
1991-09-01,940,695,596,176,2055,2231,3996,3687,2979,1468,9194,10662
1991-10-01,1089,762,671,187,2335,2522,4524,4109,3353,1692,10293,11986
1991-11-01,885,685,609,181,1998,2179,3802,4206,2941,1705,9245,10950
1991-12-01,869,655,587,193,1918,2111,4040,3725,3004,1721,9048,10769
1992-01-01,900,581,470,174,1777,1951,4393,3338,2396,1518,8610,10127
1992-02-01,695,507,389,163,1428,1591,3388,2891,2032,1550,6762,8311
1992-03-01,821,505,469,138,1657,1795,3971,2984,2443,1285,8113,9398
1992-04-01,751,442,483,143,1533,1676,3607,2773,2468,1445,7404,8848
1992-05-01,726,465,531,152,1570,1722,3672,2848,2520,1438,7601,9039
1992-06-01,746,530,451,155,1572,1727,3640,3186,2214,1532,7509,9041
1992-07-01,850,578,518,152,1794,1946,3963,3345,2458,1422,8343,9766
1992-08-01,826,661,557,162,1882,2044,3781,3746,2709,1478,8758,10236
1992-09-01,908,697,520,160,1965,2125,4255,4063,2720,1458,9579,11038
1992-10-01,953,937,522,164,2248,2412,4192,5279,2702,1414,10759,12173
1992-11-01,824,877,487,178,2010,2188,4006,5277,2497,1481,10299,11780
1992-12-01,950,948,465,182,2181,2363,4622,5472,2460,1602,10952,12554
1993-01-01,753,973,402,156,1972,2128,3688,5634,2071,1382,10010,11393
1993-02-01,686,949,373,150,1858,2008,3366,5522,2103,1378,9613,10991
1993-03-01,753,886,432,161,1910,2071,3511,5700,2186,1553,9843,11396
1993-04-01,694,596,485,162,1613,1775,3379,4459,2483,1567,8754,10321
1993-05-01,717,675,431,184,1639,1823,3411,4454,2237,1667,8434,10102
1993-06-01,794,679,456,189,1740,1929,4095,4173,2243,1708,8803,10511
1993-07-01,791,628,572,174,1817,1991,3869,3860,2750,1661,8818,10479
1993-08-01,898,745,531,187,1987,2174,4030,4489,2624,1675,9468,11143
1993-09-01,865,815,559,213,2026,2239,4079,4772,2793,1777,9867,11644
1993-10-01,899,894,542,204,2131,2335,4541,5334,2604,1842,10637,12479
1993-11-01,821,842,532,224,1971,2195,4401,5347,2738,1985,10502,12487
1993-12-01,813,831,531,220,1955,2175,4193,5247,2949,2065,10324,12388
1994-01-01,750,749,411,191,1719,1910,4126,5117,2441,1858,9827,11684
1994-02-01,610,673,317,155,1445,1600,3440,4440,1757,1449,8188,9637
1994-03-01,636,724,367,180,1547,1727,3496,4850,2173,1772,8746,10518
1994-04-01,583,706,389,170,1508,1678,3093,4810,1933,1633,8202,9836
1994-05-01,588,741,387,178,1538,1716,3178,4746,2168,1813,8278,10091
1994-06-01,619,776,444,225,1614,1839,3246,5052,2298,2185,8411,10596
1994-07-01,568,826,443,199,1638,1837,2820,5236,2410,1920,8546,10466
1994-08-01,678,858,527,165,1898,2063,3321,5052,2632,1556,9449,11005
1994-09-01,676,908,443,199,1828,2027,3087,5425,2237,1858,8892,10750
1994-10-01,719,935,471,216,1909,2125,3599,5771,2542,2082,9830,11912
1994-11-01,677,846,465,181,1807,1988,3528,5365,2374,1775,9492,11267
1994-12-01,695,796,468,197,1762,1959,3529,5050,2609,1916,9272,11189
1995-01-01,711,792,386,193,1696,1889,3529,5395,2241,1898,9266,11164
1995-02-01,662,777,375,203,1611,1814,3261,5054,2039,1974,8380,10354
1995-03-01,721,733,353,183,1624,1807,3530,4926,1910,1808,8558,10366
1995-04-01,652,600,361,207,1406,1613,3132,4051,2030,1975,7238,9213
1995-05-01,782,603,385,202,1568,1770,3517,4064,2172,1709,8044,9753
1995-06-01,731,577,441,232,1517,1749,3440,3869,2349,1977,7681,9658
1995-07-01,787,624,445,234,1622,1856,3778,4004,2399,2049,8132,10181
1995-08-01,764,714,427,211,1694,1905,3716,4171,2194,1959,8122,10081
1995-09-01,696,832,447,217,1758,1975,3439,4595,2423,2128,8329,10457
1995-10-01,743,774,455,202,1770,1972,3596,4437,2265,1836,8462,10298
1995-11-01,681,698,438,213,1604,1817,3418,4356,2383,1994,8163,10157
1995-12-01,682,719,420,201,1620,1821,3411,4478,2188,1814,8262,10076
1996-01-01,683,756,439,223,1655,1878,3537,4960,2626,2224,8898,11122
1996-02-01,693,695,336,182,1542,1724,3217,4486,1937,1717,7923,9640
1996-03-01,690,733,375,201,1597,1798,3275,4615,2300,1839,8352,10191
1996-04-01,703,682,370,237,1518,1755,3282,4564,1951,2083,7714,9797
1996-05-01,807,713,444,241,1723,1964,3649,4832,2369,2175,8675,10849
1996-06-01,726,710,417,243,1610,1853,3390,4617,2404,2183,8227,10411
1996-07-01,795,778,458,230,1801,2031,3672,4913,2468,2173,8880,11053
1996-08-01,871,842,485,243,1955,2198,4149,5451,2559,2419,9740,12158
1996-09-01,730,794,424,211,1737,1948,3469,4945,2329,2012,8730,10742
1996-10-01,895,914,494,227,2076,2303,4129,5521,2579,2193,10036,12229
1996-11-01,858,851,489,228,1970,2198,4177,5341,2575,2200,9893,12093
1996-12-01,853,802,421,245,1831,2076,3933,5265,2330,2270,9259,11529
1997-01-01,800,828,403,214,1817,2031,3859,5509,2277,2123,9523,11646
1997-02-01,824,783,424,223,1808,2031,3931,5313,2492,2114,9622,11736
1997-03-01,876,796,372,253,1791,2044,4291,5655,2118,2340,9724,12064
1997-04-01,902,758,409,258,1811,2069,4318,5561,2245,2355,9770,12125
1997-05-01,1021,788,438,279,1968,2247,4767,5363,2472,2374,10227,12601
1997-06-01,1020,860,474,297,2057,2354,5036,5730,2766,2503,11029,13532
1997-07-01,1015,924,489,295,2133,2428,4923,5584,2692,2554,10644,13198
1997-08-01,978,949,501,286,2142,2428,4696,5882,2897,2439,11036,13475
1997-09-01,993,1027,532,336,2216,2552,4817,6261,2980,2873,11185,14058
1997-10-01,962,1084,573,268,2351,2619,4687,6531,3125,2275,12068,14343
1997-11-01,893,986,483,258,2104,2362,4305,6399,2643,2354,10994,13348
1997-12-01,868,923,494,294,1991,2285,4431,6216,2972,2839,10779,13618
1998-01-01,867,912,436,276,1939,2215,4447,5984,2421,2415,10438,12852
1998-02-01,745,790,357,270,1622,1892,4020,5531,2316,2542,9325,11867
1998-03-01,794,792,362,293,1655,1948,4065,5808,2283,2664,9492,12156
1998-04-01,764,826,360,277,1673,1950,3797,5656,2244,2388,9310,11698
1998-05-01,653,784,448,262,1623,1885,3052,5506,2714,2333,8940,11272
1998-06-01,665,874,404,283,1660,1943,3098,5960,2328,2160,9226,11386
1998-07-01,681,921,386,273,1715,1988,3157,5999,2398,2286,9268,11554
1998-08-01,578,918,373,267,1602,1869,2621,5940,2073,2076,8558,10634
1998-09-01,554,936,316,221,1585,1806,2481,5637,1892,1709,8301,10010
1998-10-01,476,1001,390,230,1637,1867,2147,6359,2203,1949,8760,10709
1998-11-01,416,837,311,180,1384,1564,1785,5128,1736,1510,7139,8649
1998-12-01,335,803,311,168,1281,1449,1620,4676,1878,1547,6628,8175
1999-01-01,300,736,243,186,1093,1279,1426,4934,1535,1674,6222,7895
1999-02-01,296,605,186,160,927,1087,1378,3924,1273,1553,5022,6575
1999-03-01,300,625,216,143,998,1141,1229,4224,1246,1207,5492,6699
1999-04-01,295,555,298,170,978,1148,1224,3815,1690,1402,5328,6730
1999-05-01,319,582,268,156,1013,1169,1313,4039,1634,1444,5542,6986
1999-06-01,379,636,283,151,1147,1298,1530,4012,1610,1400,5752,7153
1999-07-01,406,626,269,147,1154,1301,1641,3939,1509,1144,5945,7089
1999-08-01,409,798,317,159,1365,1524,1823,4718,1799,1470,6870,8340
1999-09-01,443,816,339,172,1426,1598,2030,4834,1849,1427,7285,8712
1999-10-01,493,885,347,173,1552,1725,2164,5433,1891,1382,8106,9489
1999-11-01,570,867,354,214,1577,1791,2573,5417,1972,1803,8159,9962
1999-12-01,499,830,343,181,1491,1672,2297,5419,1986,1630,8071,9702
2000-01-01,588,823,306,194,1523,1717,2829,5588,1752,1790,8379,10169
2000-02-01,512,796,282,191,1399,1590,2392,5386,1684,1648,7815,9462
2000-03-01,617,843,303,251,1512,1763,2736,5873,1849,2045,8412,10458
2000-04-01,597,768,310,223,1452,1675,2548,5292,1900,1860,7879,9740
2000-05-01,682,823,351,231,1625,1856,2872,5485,2047,1908,8496,10404
2000-06-01,693,913,319,287,1638,1925,2963,6077,1826,2342,8524,10866
2000-07-01,716,929,353,255,1743,1998,3109,6007,2088,2136,9068,11204
2000-08-01,727,1174,414,301,2014,2315,2999,7554,2447,2468,10532,13000
2000-09-01,680,1053,306,260,1779,2039,2989,6765,1657,2099,9312,11411
2000-10-01,791,1156,344,264,2027,2291,3374,7472,1935,2150,10630,12780
2000-11-01,678,1028,307,230,1783,2013,2925,6717,1849,1934,9557,11491
2000-12-01,662,1059,293,232,1782,2014,3037,7061,1667,1965,9801,11765
2001-01-01,713,1117,326,271,1885,2156,3285,7483,1968,2279,10458,12737
2001-02-01,655,1038,299,231,1761,1992,3081,7245,1806,2097,10036,12133
2001-03-01,755,1146,286,263,1924,2187,3625,7800,1679,2248,10856,13104
2001-04-01,717,1166,356,284,1955,2239,3409,7990,2013,2490,10922,13412
2001-05-01,814,1247,404,291,2174,2465,3741,8728,2173,2510,12132,14642
2001-06-01,769,1333,394,298,2198,2496,3561,8583,2195,2479,11860,14339
2001-07-01,743,1334,387,300,2164,2464,3540,8979,2157,2632,12045,14676
2001-08-01,773,1476,407,310,2346,2656,3502,9856,2172,2655,12874,15529
2001-09-01,671,1333,349,269,2084,2353,3009,8676,1930,2578,11037,13615
2001-10-01,768,1471,402,309,2332,2641,3660,9796,2015,2766,12704,15470
2001-11-01,608,1265,354,257,1970,2227,2787,8288,1928,2325,10679,13003
2001-12-01,553,1047,300,242,1658,1900,2821,6975,1800,2227,9369,11596
2002-01-01,568,1172,291,210,1821,2031,2788,7978,1696,2047,10414,12462
2002-02-01,450,1017,252,249,1470,1719,2056,6849,1386,1915,8376,10291
2002-03-01,477,966,269,222,1490,1712,2274,6864,1507,1856,8788,10644
2002-04-01,526,954,311,248,1543,1791,2323,6586,1633,2055,8487,10543
2002-05-01,522,999,292,224,1589,1813,2333,6910,1604,2008,8839,10847
2002-06-01,583,1072,295,237,1713,1950,2330,7185,1522,1907,9130,11037
2002-07-01,632,1069,303,266,1738,2004,2655,7169,1632,2200,9257,11457
2002-08-01,603,1187,347,277,1860,2137,2546,7789,1936,2381,9890,12271
2002-09-01,494,1067,289,251,1599,1850,2110,7139,1677,2071,8856,10927
2002-10-01,620,1110,329,237,1822,2059,2616,7328,1886,2028,9802,11830
2002-11-01,593,1003,281,253,1624,1877,2484,6777,1850,1960,9151,11111
2002-12-01,494,952,316,271,1491,1762,2386,6680,1908,2434,8539,10974
2003-01-01,581,1034,292,269,1638,1907,2785,7209,1669,2210,9452,11663
2003-02-01,507,928,229,216,1448,1664,2516,6474,1306,1960,8335,10296
2003-03-01,576,1133,271,261,1719,1980,2709,8146,1562,2271,10146,12417
2003-04-01,644,1177,317,312,1826,2138,3188,8447,1950,2666,10919,13585
2003-05-01,703,1231,305,295,1944,2239,3272,8456,1893,2477,11143,13621
2003-06-01,695,1288,304,306,1981,2287,3135,8940,1554,2334,11295,13629
2003-07-01,717,1353,358,337,2091,2428,3164,8960,2003,2643,11485,14128
2003-08-01,727,1481,354,348,2214,2562,3340,9911,2016,2998,12269,15267
2003-09-01,752,1419,338,336,2173,2509,3315,9648,1904,2705,12161,14867
2003-10-01,682,1579,401,377,2285,2662,3124,10222,2180,3242,12285,15526
2003-11-01,579,1370,323,348,1924,2272,2693,9514,1827,3125,10908,14033
2003-12-01,684,1390,308,360,2022,2382,3093,9764,1702,2926,11633,14558
2004-01-01,617,1342,299,322,1936,2258,2731,9288,1834,2786,11067,13853
2004-02-01,618,1298,213,261,1868,2129,2865,8901,1330,2146,10950,13096
2004-03-01,667,1404,329,442,1958,2400,3104,10263,1993,3524,11835,15360
2004-04-01,716,1387,318,414,2007,2421,3213,9958,1739,3305,11604,14910
2004-05-01,735,1463,329,408,2119,2527,3486,10873,1842,3480,12721,16201
2004-06-01,751,1502,299,466,2086,2552,3664,10903,1686,4156,12097,16253
2004-07-01,744,1553,305,422,2180,2602,3584,10906,1809,3572,12727,16300
2004-08-01,817,1592,355,430,2334,2764,3758,11140,2032,3591,13339,16930
2004-09-01,856,1700,360,472,2444,2916,4133,11556,1976,4172,13493,17665
2004-10-01,758,1666,394,454,2364,2818,3504,11343,2261,3947,13161,17108
2004-11-01,696,1487,320,438,2065,2503,3294,10363,1949,4012,11593,15606
2004-12-01,693,1481,312,424,2062,2486,3301,10407,1803,3723,11787,15510
2005-01-01,741,1551,296,409,2179,2588,3544,10948,1793,3719,12566,16284
2005-02-01,730,1502,252,408,2076,2484,3537,10798,1590,3609,12317,15925
2005-03-01,817,1608,333,456,2302,2758,4132,11919,1970,4240,13781,18021
2005-04-01,830,1702,357,463,2426,2889,3994,12524,1984,4197,14304,18501
2005-05-01,889,1742,363,494,2500,2994,4252,12253,1963,4175,14293,18468
2005-06-01,936,1849,387,512,2660,3172,4139,13149,2092,4389,14990,19380
2005-07-01,948,1805,352,515,2590,3105,4333,12576,1920,4549,14281,18830
2005-08-01,999,2013,404,585,2831,3416,4562,13883,2146,5142,15449,20591
2005-09-01,952,1887,351,493,2697,3190,4216,12752,1762,4290,14441,18731
2005-10-01,952,1937,356,564,2681,3245,4314,13419,1847,4881,14700,19581
2005-11-01,972,1838,363,547,2626,3173,4434,12195,2031,4824,13835,18659
2005-12-01,881,1764,334,547,2432,2979,4128,12376,1820,4962,13361,18323
2006-01-01,1038,1955,358,521,2830,3351,4833,13598,2166,4660,15938,20598
2006-02-01,891,1880,335,539,2567,3106,4250,13214,1700,4708,14456,19164
2006-03-01,1024,2057,371,566,2886,3452,5177,14533,1993,5179,16524,21704
2006-04-01,1009,1913,409,616,2715,3331,4796,13430,2207,5156,15276,20432
2006-05-01,1081,2122,375,642,2936,3578,5079,15051,1984,5715,16399,22114
2006-06-01,1192,2185,476,698,3155,3853,5383,15495,2288,6053,17113,23167
2006-07-01,1141,2000,416,610,2947,3557,5159,13929,2091,5346,15834,21180
2006-08-01,1150,2367,438,670,3285,3955,5218,16434,2179,6005,17826,23831
2006-09-01,1114,2139,393,735,2911,3646,5152,14989,1982,6415,15709,22123
2006-10-01,1180,2252,421,697,3156,3853,5465,15816,2307,6124,17464,23588
2006-11-01,1173,2158,436,721,3046,3767,5419,15438,2286,6248,16895,23143
2006-12-01,1095,2004,392,718,2773,3491,5207,14040,2241,6008,15480,21488
2007-01-01,1024,2078,377,690,2789,3479,4860,14856,2356,6106,15966,22072
2007-02-01,942,1925,313,682,2498,3180,4737,14328,1800,6094,14772,20865
2007-03-01,1055,2240,368,828,2835,3663,5292,16354,2166,7227,16585,23812
2007-04-01,989,2073,352,759,2655,3414,4969,15490,1921,6753,15628,22381
2007-05-01,1083,2330,422,851,2984,3835,5189,17263,2328,7584,17197,24781
2007-06-01,1130,2347,369,869,2977,3846,5162,16967,1935,7760,16304,24063
2007-07-01,1134,2239,403,903,2873,3776,5532,16672,2238,8016,16427,24443
2007-08-01,1226,2449,439,957,3157,4114,5943,17857,2324,8700,17425,26124
2007-09-01,1106,2295,395,849,2947,3796,5184,16392,2019,7434,16161,23595
2007-10-01,1242,2577,464,947,3336,4283,5654,18489,2371,8336,18179,26514
2007-11-01,1088,2257,440,890,2895,3785,4955,16589,2366,7960,15949,23910
2007-12-01,1056,2147,362,875,2690,3565,5323,16549,1827,7971,15728,23699
2008-01-01,1203,2127,399,873,2856,3729,5764,16331,2192,7988,16299,24287
2008-02-01,1169,2138,311,899,2719,3618,5669,16455,1814,8239,15698,23937
2008-03-01,1197,2227,362,968,2818,3786,5815,17348,2019,8970,16211,25181
2008-04-01,1231,2212,365,1043,2765,3808,6239,17268,1863,9450,15921,25371
2008-05-01,1382,2284,339,1087,2918,4005,6926,18007,1789,10168,16555,26723
2008-06-01,1464,2291,406,1078,3083,4161,7172,18137,2168,10201,17276,27477
2008-07-01,1530,2424,494,1170,3278,4448,7239,18477,2368,10908,17176,28084
2008-08-01,1499,2396,504,1130,3269,4399,7158,18126,2455,10446,17292,27739
2008-09-01,1495,2439,484,1165,3253,4418,6839,18596,2321,10850,16906,27756
2008-10-01,1643,2668,524,1291,3544,4835,7892,20017,2524,12073,18360,30433
2008-11-01,1464,2272,470,1171,3035,4206,7196,18182,2496,11368,16506,27873
2008-12-01,1252,2051,432,1090,2645,3735,6641,16552,2235,10414,15014,25428
2009-01-01,1283,2093,327,1073,2630,3703,6576,16830,1947,10237,15117,25354
2009-02-01,997,1718,269,956,2028,2984,5322,14096,1514,9542,11390,20932
2009-03-01,914,1663,276,997,1856,2853,5374,14129,1505,9992,11016,21008
2009-04-01,793,1349,276,826,1592,2418,4550,11431,1444,8205,9219,17425
2009-05-01,629,1120,207,685,1271,1956,3361,9721,995,6941,7137,14077
2009-06-01,828,1226,260,826,1488,2314,4126,10213,1338,8427,7250,15677
2009-07-01,838,1100,297,701,1534,2235,3981,9097,1514,7030,7562,14592
2009-08-01,919,1227,299,828,1617,2445,4389,10038,1372,8301,7498,15799
2009-09-01,982,1053,297,735,1597,2332,4806,8509,1452,7446,7322,14767
2009-10-01,966,1068,288,819,1503,2322,4682,9245,1376,8112,7192,15304
2009-11-01,943,1082,281,817,1489,2306,4792,9204,1301,8074,7223,15297
2009-12-01,892,1026,276,747,1447,2194,4516,8525,1388,7312,7116,14428
2010-01-01,968,1154,227,845,1504,2349,5503,10164,1094,8836,7926,16762
2010-02-01,912,994,182,833,1255,2088,5334,8879,960,8413,6761,15173
2010-03-01,1087,1198,273,1014,1544,2558,6443,11109,1537,10778,8310,19088
2010-04-01,1260,1104,317,970,1711,2681,7229,10232,1468,9976,8954,18930
2010-05-01,1277,1197,328,1075,1727,2802,7584,10747,1620,11268,8683,19951
2010-06-01,1376,1181,341,1099,1799,2898,8070,10991,1725,11683,9103,20786
2010-07-01,1415,1290,450,1211,1944,3155,8198,12104,2285,12681,9906,22587
2010-08-01,1465,1247,395,1282,1825,3107,9145,11716,1890,13344,9406,22750
2010-09-01,1434,1185,339,1105,1853,2958,8732,10811,1646,11970,9218,21189
2010-10-01,1516,1221,375,1168,1944,3112,9411,11482,1868,12853,9909,22762
2010-11-01,1415,1223,333,1214,1757,2971,8937,11483,1554,13200,8775,21974
2010-12-01,1323,1057,301,1098,1583,2681,8656,10303,1502,12230,8232,20461
2011-01-01,1486,1101,276,1143,1720,2863,9955,11163,1507,13008,9617,22625
2011-02-01,1274,988,232,1095,1399,2494,8464,10166,1167,12056,7740,19796
2011-03-01,1524,1110,301,1321,1614,2935,10912,11676,1598,15015,9171,24186
2011-04-01,1528,1083,290,1340,1561,2901,10674,11523,1477,15084,8589,23673
2011-05-01,1750,1021,433,1400,1804,3204,12301,11101,1761,16179,8983,25162
2011-06-01,1898,1075,329,1423,1879,3302,12341,11217,1559,15905,9212,25117
2011-07-01,1918,1027,332,1448,1829,3277,13960,11111,1697,16791,9977,26769
2011-08-01,2160,1119,350,1609,2020,3629,14850,12010,1749,18637,9972,28609
2011-09-01,2037,1008,353,1486,1912,3398,14395,10674,1555,17130,9494,26624
2011-10-01,2271,1130,410,1722,2089,3811,16309,12246,1930,19866,10619,30485
2011-11-01,2184,1134,339,1695,1962,3657,15911,12218,1537,19833,9833,29666
2011-12-01,1902,1017,286,1528,1677,3205,14505,10707,1401,17662,8951,26614
2012-01-01,2205,1082,330,1599,2018,3617,16710,11282,1732,18520,11205,29725
2012-02-01,1973,926,273,1554,1618,3172,15862,9809,1518,17793,9396,27189
2012-03-01,2348,913,334,1692,1903,3595,18556,10031,1452,19441,10597,30038
2012-04-01,2313,861,361,1629,1906,3535,17967,9608,1689,18953,10312,29265
2012-05-01,2429,963,377,1810,1959,3769,18798,10987,1725,21594,9915,31510
2012-06-01,2400,898,394,1699,1993,3692,17663,10141,1771,19841,9735,29576
2012-07-01,2531,900,388,1824,1995,3819,19882,10033,1882,21578,10220,31798
2012-08-01,2508,797,405,1705,2005,3710,18840,8916,1882,19806,9833,29639
2012-09-01,2263,689,371,1546,1777,3323,18322,7613,1676,18489,9121,27610
2012-10-01,2557,693,385,1680,1955,3635,19698,8028,1838,19924,9640,29564
2012-11-01,2194,666,378,1535,1703,3238,17972,7747,1767,18915,8572,27486
2012-12-01,2119,638,347,1531,1573,3104,17803,7449,1739,18977,8014,26991
2013-01-01,2204,793,297,1510,1784,3294,17348,8441,1392,17962,9220,27182
2013-02-01,2161,673,266,1598,1502,3100,18204,8089,1370,19650,8012,27663
2013-03-01,2240,664,311,1621,1594,3215,18476,8027,1721,19780,8444,28224
2013-04-01,2379,699,299,1700,1677,3377,19385,8388,1472,20670,8575,29245
2013-05-01,2375,771,310,1809,1647,3456,19623,9198,1594,22034,8380,30414
2013-06-01,2391,823,345,1885,1674,3559,20202,9700,1822,23223,8501,31724
2013-07-01,2636,775,343,1845,1909,3754,21327,9050,1703,23243,8837,32080
2013-08-01,2526,759,379,1892,1772,3664,21893,8915,1828,23716,8921,32637
2013-09-01,2432,656,350,1699,1739,3438,19894,8002,1679,21412,8164,29575
2013-10-01,2645,719,387,1778,1973,3751,21946,8444,1958,22578,9769,32348
2013-11-01,2224,640,340,1580,1624,3204,18679,7631,1698,20449,7558,28008
2013-12-01,2045,527,312,1549,1335,2884,18168,6427,1614,19719,6490,26209
2014-01-01,2538,667,288,1652,1841,3493,20212,7735,1608,20616,8939,29555
2014-02-01,2018,470,285,1428,1345,2773,17452,5845,1580,18404,6473,24877
2014-03-01,2440,710,318,1917,1551,3468,22041,8892,1724,24670,7987,32657
2014-04-01,2386,713,335,1886,1548,3434,21435,8867,1656,24310,7648,31958
2014-05-01,2533,655,376,1925,1639,3564,22643,8056,2032,24774,7956,32730
2014-06-01,2565,650,370,1914,1671,3585,22869,8048,2006,25100,7823,32923
2014-07-01,2619,664,395,1975,1703,3678,23621,8104,2036,25627,8134,33761
2014-08-01,2675,648,380,1923,1780,3703,23821,7942,1899,25269,8393,33662
2014-09-01,2452,646,415,1871,1642,3513,22367,7877,2159,24911,7492,32403
2014-10-01,2698,744,438,2067,1813,3880,24047,9090,2381,27155,8363,35518
2014-11-01,2419,615,382,1840,1576,3416,22797,7586,2154,24660,7878,32537
2014-12-01,2363,657,367,1956,1431,3387,23667,8464,1997,26851,7277,34128
2015-01-01,2260,562,311,1682,1451,3133,20407,6788,2101,22493,6804,29296
2015-02-01,1914,524,240,1660,1018,2678,19677,6654,1350,22587,5094,27681
2015-03-01,1785,533,195,1688,825,2513,19456,6866,1254,23426,4150,27577
2015-04-01,1595,537,256,1530,858,2388,16635,7214,1252,20983,4118,25101
2015-05-01,1354,481,239,1375,699,2074,15276,6110,1407,19340,3454,22794
2015-06-01,1351,396,298,1296,749,2045,14112,5383,2043,17921,3617,21538
2015-07-01,1343,379,224,1206,740,1946,13628,5185,1260,16914,3159,20073
2015-08-01,1287,393,257,1196,741,1937,13070,5397,1426,16830,3063,19893
2015-09-01,1255,402,224,1123,758,1881,12519,5214,1206,15696,3243,18939
2015-10-01,1096,447,219,1131,631,1762,10905,6047,1224,15544,2631,18175
2015-11-01,1047,416,195,1111,547,1658,11088,5891,1039,15694,2325,18019
2015-12-01,969,357,173,1023,476,1499,9783,5038,1056,13907,1970,15877
2016-01-01,885,291,129,864,441,1305,9967,3900,790,12866,1792,14658
2016-02-01,719,282,111,777,335,1112,8453,3917,626,11382,1614,12996
2016-03-01,684,250,108,762,280,1042,8187,3671,585,11232,1212,12444
2016-04-01,582,289,123,733,261,994,6947,4294,761,10843,1158,12002
2016-05-01,628,247,108,693,290,983,7512,3436,669,10280,1337,11617
2016-06-01,676,266,122,756,308,1064,7891,3806,604,11025,1275,12300
2016-07-01,667,231,139,699,338,1037,7368,3385,825,10392,1187,11579
2016-08-01,676,290,173,770,369,1139,7467,4297,1062,11359,1466,12825
2016-09-01,710,230,164,721,383,1104,8165,3178,952,10719,1577,12296
2016-10-01,744,232,154,748,382,1130,8506,3395,907,11212,1595,12808
2016-11-01,772,228,169,762,407,1169,8457,3090,886,10995,1438,12433
2016-12-01,731,252,131,781,333,1114,9054,3431,811,11817,1479,13297
2017-01-01,732,262,111,755,350,1105,8585,3693,862,11465,1675,13140
2017-02-01,740,239,150,767,362,1129,8280,3539,998,11437,1380,12817
2017-03-01,778,249,172,830,369,1199,9295,3623,1159,12557,1521,14078
2017-04-01,814,288,164,922,344,1266,9763,4433,1072,13784,1484,15268
2017-05-01,927,270,156,951,402,1353,11393,4007,882,14604,1679,16283
2017-06-01,952,367,176,1074,421,1495,11345,5682,1276,16462,1841,18303
2017-07-01,961,371,174,1092,414,1506,11484,5499,1162,16503,1641,18144
2017-08-01,951,384,168,1133,370,1503,11670,5763,1046,16978,1500,18478
2017-09-01,945,444,158,1183,364,1547,12130,6836,1005,18430,1541,19971
2017-10-01,1137,397,183,1308,409,1717,14676,6003,1213,20217,1675,21892
2017-11-01,1163,408,173,1315,429,1744,14917,6233,1248,20612,1786,22398
2017-12-01,1129,424,167,1320,400,1720,15028,6301,1050,20632,1747,22379
2018-01-01,1041,342,141,1147,377,1524,12990,5207,872,17544,1525,19070
2018-02-01,1050,319,135,1188,316,1504,13834,5008,945,18576,1211,19787
2018-03-01,1227,405,168,1376,424,1800,15852,6401,1135,21613,1775,23387
2018-04-01,1196,424,162,1399,383,1782,15449,6648,1024,21551,1569,23121
2018-05-01,1165,403,170,1310,428,1738,15071,6550,1100,20988,1733,22721
2018-06-01,1211,446,190,1464,383,1847,15787,7108,1365,22757,1503,24260
2018-07-01,1302,444,149,1427,468,1895,16354,6800,988,22489,1652,24141
2018-08-01,1362,497,200,1576,483,2059,18299,7811,1257,25527,1840,27367
2018-09-01,1245,461,189,1500,395,1895,16461,7540,1384,23923,1463,25386
2018-10-01,1282,426,171,1463,416,1879,16324,6938,1260,23026,1496,24522
2018-11-01,1268,408,193,1455,414,1869,16889,6655,1418,23275,1688,24962
2018-12-01,1122,352,178,1242,410,1652,14611,5354,1312,19706,1572,21277
2019-01-01,1167,329,148,1249,395,1644,14983,5185,1128,19740,1557,21296
2019-02-01,1050,364,148,1239,323,1562,14603,5969,1227,20320,1480,21799
2019-03-01,1078,351,153,1291,291,1582,15040,5842,905,20673,1113,21786
2019-04-01,1170,408,136,1361,353,1714,16117,6691,990,22330,1467,23797
2019-05-01,1163,358,140,1354,307,1661,16196,5868,1116,21870,1309,23179
2019-06-01,1188,414,160,1444,318,1762,16818,7172,1201,23884,1308,25191
2019-07-01,1373,398,203,1513,461,1974,18635,6678,1265,24882,1696,26577
2019-08-01,1361,409,170,1560,380,1940,19062,6966,1120,25702,1446,27148
2019-09-01,1181,342,166,1302,387,1689,16148,5794,1256,21686,1512,23198
2019-10-01,1250,373,172,1404,391,1795,16841,6476,1267,23099,1485,24584
2019-11-01,1007,346,147,1201,299,1500,14274,5983,1123,20256,1124,21379
2019-12-01,896,241,144,938,343,1281,11857,3980,1032,15528,1340,16868
2020-01-01,1020,275,138,1165,268,1433,14989,4752,1292,19954,1079,21034
2020-02-01,1011,291,111,1174,239,1413,15073,5235,925,20310,924,21234
2020-03-01,927,260,107,1105,189,1294,14161,4820,961,19147,794,19941
2020-04-01,547,287,73,806,101,907,8356,5281,719,13984,372,14356
2020-05-01,344,166,42,488,64,552,5370,3072,352,8552,242,8794
2020-06-01,331,162,74,460,107,567,4920,2866,435,7773,448,8221
2020-07-01,376,177,84,504,133,637,5180,3395,537,8638,474,9112
2020-08-01,465,140,76,530,151,681,7098,2574,460,9526,605,10131
2020-09-01,478,226,73,632,145,777,7372,4245,508,11608,518,12125
2020-10-01,555,177,107,651,188,839,7971,3144,681,11199,597,11796
2020-11-01,564,206,87,697,160,857,8665,3726,627,12465,553,13018
2020-12-01,495,240,90,675,150,825,7191,4491,790,11885,587,12472
2021-01-01,595,178,144,684,233,917,9026,3297,738,12181,880,13062
2021-02-01,496,212,61,636,133,769,7531,3989,464,11553,431,11984
2021-03-01,691,212,79,810,172,982,10418,3868,599,14269,616,14885
2021-04-01,847,227,84,947,211,1158,13097,4193,626,17163,753,17916
2021-05-01,743,274,127,919,225,1144,11300,4999,796,16258,837,17095
2021-06-01,732,256,107,847,248,1095,10571,4878,645,15113,980,16093
2021-07-01,769,216,100,853,232,1085,11113,4129,725,15046,922,15968
2021-08-01,920,241,131,1014,278,1292,13744,4356,1010,18022,1089,19110
2021-09-01,751,294,132,846,331,1177,10055,5272,911,15028,1208,16237
2021-10-01,829,319,153,1003,298,1301,11981,6010,1046,17909,1129,19037
2021-11-01,818,298,121,936,301,1237,11299,5296,824,16338,1080,17419
2021-12-01,880,320,140,1032,308,1340,12577,5909,973,18290,1169,19459
2022-01-01,907,338,145,1071,319,1390,12942,6231,1134,19090,1218,20308
2022-02-01,950,368,153,1156,315,1471,13734,6874,1075,20487,1196,21683
2022-03-01,966,408,158,1232,300,1532,14157,7726,1126,21834,1174,23008
2022-04-01,1004,430,165,1285,314,1599,14673,8120,1172,22773,1192,23965
2022-05-01,1044,451,172,1330,337,1667,15169,8467,1215,23571,1279,24850
2022-06-01,1073,464,177,1382,332,1714,15713,8779,1260,24493,1260,25753
2022-07-01,1102,467,181,1392,358,1750,15994,8757,1277,24670,1359,26029
2022-08-01,1106,483,183,1403,369,1772,15970,9011,1284,24865,1401,26266
2022-09-01,1101,490,183,1429,345,1774,16168,9178,1290,25325,1310,26635
2022-10-01,1120,475,184,1409,370,1779,16220,8888,1295,24971,1432,26403
2022-11-01,1144,471,187,1479,323,1802,17027,9058,1353,26212,1226,27438
2022-12-01,1148,469,187,1474,330,1804,17035,8992,1349,26123,1253,27376
2023-01-01,1134,468,185,1483,304,1787,17015,9073,1349,26282,1154,27437
2023-02-01,1111,462,182,1515,240,1755,17169,9225,1367,26850,911,27761
2023-03-01,1088,479,180,1477,270,1747,16508,9390,1328,26176,1050,27226
2023-04-01,1086,480,180,1500,246,1746,16661,9514,1342,26584,934,27518
2023-05-01,1071,437,175,1433,250,1683,16398,8645,1302,25396,949,26345
2023-06-01,1023,400,166,1350,239,1589,16038,7607,1188,23925,907,24833
2023-07-01,990,403,162,1316,239,1555,15150,7887,1193,23323,907,24230
2023-08-01,970,369,157,1223,273,1496,14798,6824,1092,21675,1039,22714
2023-09-01,951,357,153,1216,245,1461,14710,6692,1079,21551,930,22481
2023-10-01,937,356,149,1201,241,1442,15920,6563,1033,22586,930,23516
2023-11-01,925,356,150,1194,237,1431,14034,6928,1098,21161,900,22060
2023-12-01,929,363,150,1213,229,1442,14198,7069,1099,21497,869,22367
2024-01-01,924,361,150,1280,155,1435,14714,7427,1161,22685,617,23302
2024-02-01,925,365,150,1263,177,1440,15106,6885,1064,22384,672,23055
2024-03-01,943,351,152,1263,183,1446,14998,6949,1132,22384,695,23078
2024-04-01,948,330,150,1231,197,1428,15366,6147,1051,21816,748,22564
2024-05-01,933,314,147,1172,222,1394,14390,6141,1082,20771,843,21614
2024-06-01,914,303,144,1118,243,1361,13779,5902,1055,19814,923,20736
2024-07-01,900,313,143,1129,227,1356,13883,5963,1025,20009,862,20870
2024-08-01,911,301,143,1149,206,1355,14067,6005,1073,20363,782,21145
2024-09-01,915,299,143,1167,190,1357,14286,6032,1085,20682,721,21403
2024-10-01,901,310,143,1155,199,1354,13948,6201,1076,20469,755,21225
2024-11-01,897,311,143,1139,212,1351,13760,6164,1066,20186,805,20991
