Month,"Electricity Net Generation From Coal, Electric Power Sector","Electricity Net Generation From Petroleum, Electric Power Sector","Electricity Net Generation From Natural Gas, Electric Power Sector","Electricity Net Generation From Other Fossil Gases, Electric Power Sector","Electricity Net Generation From Nuclear Electric Power, Electric Power Sector","Electricity Net Generation From Hydroelectric Pumped Storage, Electric Power Sector","Electricity Net Generation From Conventional Hydroelectric Power, Electric Power Sector","Electricity Net Generation From Wood, Electric Power Sector","Electricity Net Generation From Waste, Electric Power Sector","Electricity Net Generation From Geothermal, Electric Power Sector","Electricity Net Generation From Solar, Electric Power Sector","Electricity Net Generation From Wind, Electric Power Sector","Electricity Net Generation Total (including from sources not shown), Electric Power Sector"
1973-01-01,75190.149,31183.619,21184.967,Not Available,6246.251,Not Available,25944.364,5.157,15.152,143.49,Not Available,Not Available,159913.15
1973-02-01,67797.946,26086.952,20252.525,Not Available,5928.069,Not Available,23031.167,15.138,13.874,131.171,Not Available,Not Available,143256.841
1973-03-01,67387.612,24033.245,24043.248,Not Available,6649.007,Not Available,25562.643,17.94,16.913,135.938,Not Available,Not Available,147846.547
1973-04-01,63935.049,20195.424,25030.266,Not Available,5876.392,Not Available,24072.596,6.323,16.771,158.705,Not Available,Not Available,139291.526
1973-05-01,64927.181,21741.975,29755.984,Not Available,5696.657,Not Available,24793.222,4.589,20.209,147.965,Not Available,Not Available,147087.783
1973-06-01,69592.039,25999.512,34627.356,Not Available,6784.152,Not Available,23752.076,3.707,16.938,169.654,Not Available,Not Available,160945.434
1973-07-01,75988.308,28728.259,39171.261,Not Available,6960.486,Not Available,22418.901,3.821,16.409,179.895,Not Available,Not Available,173467.339
1973-08-01,78365.191,30745.665,38890.546,Not Available,7785.326,Not Available,21119.68,15.159,17.704,169.592,Not Available,Not Available,177108.863
1973-09-01,71304.493,27109.009,33118.166,Not Available,7862.383,Not Available,17076.411,19.924,17.158,143.622,Not Available,Not Available,156651.165
1973-10-01,70104.344,27224.244,30688.93,Not Available,7518.195,Not Available,18210.551,18.564,19.288,169.452,Not Available,Not Available,153953.568
1973-11-01,69706.997,26124.562,23717.377,Not Available,8142.033,Not Available,19984.267,9.174,14.526,181.805,Not Available,Not Available,147880.743
1973-12-01,73352.161,25170.459,20377.565,Not Available,8030.511,Not Available,26117.573,10.907,12.949,234.424,Not Available,Not Available,153306.551
1974-01-01,73631.774,26198.955,20728.02,Not Available,7602.79,Not Available,28861.101,10.676,14.536,206.282,Not Available,Not Available,157254.133
1974-02-01,66116.767,22564.916,18941.924,Not Available,8115.522,Not Available,26535.505,3.687,13.603,182.051,Not Available,Not Available,142473.976
1974-03-01,67746.788,22136.383,23628.456,Not Available,8777.497,Not Available,27533.955,3.404,14.17,207.322,Not Available,Not Available,150047.975
1974-04-01,62866.281,19940.913,24029.361,Not Available,7128.892,Not Available,27836.249,10.355,13.612,195.253,Not Available,Not Available,142020.915
1974-05-01,67789.4,22682.163,28325.25,Not Available,6562.335,Not Available,27935.041,11.103,12.366,195.399,Not Available,Not Available,153513.056
1974-06-01,67470.507,23064.936,31727.856,Not Available,7079.595,Not Available,26602.01,9.564,17.154,189.133,Not Available,Not Available,156160.756
1974-07-01,76361.27,27725.762,37214.571,Not Available,10209.908,Not Available,26250.21,0.466,19.907,209.804,Not Available,Not Available,177991.897
1974-08-01,74759.54,27201.402,35350.593,Not Available,12333.452,Not Available,24005.689,2.967,18.074,207.135,Not Available,Not Available,173878.851
1974-09-01,65266.997,25047.795,29348.424,Not Available,11009.752,Not Available,21345.072,11.63,17.539,191.428,Not Available,Not Available,152238.636
1974-10-01,66953.772,25701.39,28263.526,Not Available,10863.505,Not Available,19985.16,1.738,14.972,194.383,Not Available,Not Available,151978.447
1974-11-01,66996.029,27758.192,22735.948,Not Available,11004.327,Not Available,21102.039,1.86,14.81,231.149,Not Available,Not Available,149844.354
1974-12-01,72473.794,30907.732,19771.16,Not Available,13288.168,Not Available,23040.135,1.072,11.411,243.295,Not Available,Not Available,159736.766
1975-01-01,74836.043,30632.234,19689.283,Not Available,13938.354,Not Available,25011.443,0.738,13.481,203.434,Not Available,Not Available,164325.01
1975-02-01,67285.094,24923.842,18049.671,Not Available,12733.338,Not Available,23885.821,1.018,10.864,193.978,Not Available,Not Available,147083.625
1975-03-01,69176.492,23122.664,20098.711,Not Available,14881.784,Not Available,27970.111,0.588,11.925,218.817,Not Available,Not Available,155481.091
1975-04-01,64453.298,21257.994,20323.206,Not Available,13327.245,Not Available,26624.339,0.195,11.265,219.194,Not Available,Not Available,146216.736
1975-05-01,64741.073,21050.282,25707.482,Not Available,13763.765,Not Available,27713.373,0.897,16.63,237.853,Not Available,Not Available,153231.356
1975-06-01,70346.207,23062.398,28830.399,Not Available,12743.82,Not Available,27142.779,2.721,18.527,295.063,Not Available,Not Available,162441.914
1975-07-01,76294.723,25132.477,34181.9,Not Available,15372.216,Not Available,25521.546,0.366,15.674,297.005,Not Available,Not Available,176815.907
1975-08-01,78882.011,27957.786,34041.236,Not Available,15879.687,Not Available,22612.189,1.506,17.748,322.05,Not Available,Not Available,179714.213
1975-09-01,68558.859,21426.066,30020.384,Not Available,14396.011,Not Available,20519.408,3.089,15.14,283.868,Not Available,Not Available,155222.825
1975-10-01,69042.72,21994.709,26300.474,Not Available,14626.168,Not Available,22638.919,2.9,15.509,327.31,Not Available,Not Available,154948.708
1975-11-01,70424.195,21614.561,21829.846,Not Available,14164.018,Not Available,24429.203,1.844,13.517,318.052,Not Available,Not Available,152795.235
1975-12-01,78745.507,26919.888,20705.816,Not Available,16678.669,Not Available,25977.509,1.689,13.289,329.548,Not Available,Not Available,169371.915
1976-01-01,83690.963,32230.754,19894.883,Not Available,16098.884,Not Available,26069.875,2.121,13.472,328.068,Not Available,Not Available,178329.02
1976-02-01,73516.196,24782.98,19163.451,Not Available,14377.127,Not Available,24520.505,1.858,13.099,308.483,Not Available,Not Available,156683.698
1976-03-01,76553.69,25436.579,21282.392,Not Available,13992.977,Not Available,26562.676,2.54,13.176,330.3,Not Available,Not Available,164174.331
1976-04-01,72559.403,23310.448,21867.164,Not Available,10981.808,Not Available,24136.743,2.203,12.176,297.457,Not Available,Not Available,153167.401
1976-05-01,72499.188,21806.959,25318.846,Not Available,11929.39,Not Available,25516.08,2.403,12.95,284.292,Not Available,Not Available,157370.108
1976-06-01,76925.845,25116.695,29715.292,Not Available,15757.435,Not Available,25562.829,2.887,15.519,295.294,Not Available,Not Available,173391.795
1976-07-01,83279.641,27011.425,32031.884,Not Available,17708.727,Not Available,26063.839,0.955,18.353,319.188,Not Available,Not Available,186434.013
1976-08-01,84206.526,28262.962,31393.084,Not Available,18362.58,Not Available,23842.603,2.946,18.515,314.275,Not Available,Not Available,186403.492
1976-09-01,75369.701,23621.906,28057.948,Not Available,17290.311,Not Available,20368.071,5.491,15.879,305.847,Not Available,Not Available,165035.154
1976-10-01,76932.19,24189.65,23909.086,Not Available,17355.218,Not Available,21040.912,5.042,16.784,297.154,Not Available,Not Available,163746.035
1976-11-01,81668.738,30074.971,21110.511,Not Available,16134.204,Not Available,19803.803,25.731,16.437,250.369,Not Available,Not Available,169084.765
1976-12-01,87188.912,34142.807,20879.37,Not Available,21114.871,Not Available,20219.118,30.209,15.717,285.681,Not Available,Not Available,183876.685
1977-01-01,89829.161,43378.623,19952.66,Not Available,22152.064,Not Available,20700.335,35.268,14.005,309.738,Not Available,Not Available,196371.854
1977-02-01,78734.95,29446.474,19480.517,Not Available,19600.518,Not Available,15149.846,39.087,12.481,270.536,Not Available,Not Available,162734.411
1977-03-01,77492.179,28368.708,22467.119,Not Available,20672.203,Not Available,19800.768,35.02,13.95,306.644,Not Available,Not Available,169156.59
1977-04-01,70866.254,25862.144,21296.921,Not Available,19866.564,Not Available,18642.068,31.562,14.222,273.459,Not Available,Not Available,156853.193
1977-05-01,77049.033,27963.903,24701.328,Not Available,20599.284,Not Available,18676.935,31.192,14.84,295.233,Not Available,Not Available,169331.747
1977-06-01,83116.515,28970.658,29621.145,Not Available,21517.301,Not Available,17226.222,30.069,14.904,290.299,Not Available,Not Available,180787.113
1977-07-01,92372.785,34893.219,32712.543,Not Available,21824.835,Not Available,16798.743,3.421,17.073,307.065,Not Available,Not Available,198929.684
1977-08-01,90730.454,32326.169,33290.504,Not Available,22749.668,Not Available,16712.186,19.466,16.463,281.44,Not Available,Not Available,196126.351
1977-09-01,82564.552,26365.748,30937.59,Not Available,19629.992,Not Available,16424.737,24.439,16.492,301.267,Not Available,Not Available,176264.818
1977-10-01,79382.484,23073.922,27355.603,Not Available,19041.045,Not Available,17188.933,27.979,16.679,315.065,Not Available,Not Available,166401.711
1977-11-01,79467.834,24862.747,22565.612,Not Available,19458.412,Not Available,20397.541,19.617,10.76,316.511,Not Available,Not Available,167099.034
1977-12-01,83612.396,32666.506,21123.315,Not Available,23771.398,Not Available,22756.199,10.515,11.401,315.079,Not Available,Not Available,184266.809
1978-01-01,85005.951,39264.223,22309.743,Not Available,25832.949,Not Available,25065.93,23.622,11.907,321.005,Not Available,Not Available,197835.33
1978-02-01,70569.646,38212.55,20370.197,Not Available,21832.5,Not Available,22210.736,22.747,10.607,275.46,Not Available,Not Available,173504.443
1978-03-01,66623.494,36958.018,22269.092,Not Available,22448.665,Not Available,24630.089,25.683,10.618,227.657,Not Available,Not Available,173193.317
1978-04-01,70327.333,24978.413,21339.11,Not Available,17579.902,Not Available,25305.707,5.501,10.156,191.95,Not Available,Not Available,159738.072
1978-05-01,76431.711,24368.349,25076.268,Not Available,20416.17,Not Available,28756.952,4.506,11.268,171.002,Not Available,Not Available,175236.225
1978-06-01,84033.019,26129.595,30618.31,Not Available,22185.187,Not Available,25121.255,5.058,9.748,210.307,Not Available,Not Available,188312.48
1978-07-01,89606.31,29117.394,34247.75,Not Available,25007.094,Not Available,24452.766,6.308,8.43,235.597,Not Available,Not Available,202681.649
1978-08-01,93429.682,32302.004,32583.162,Not Available,25599.306,Not Available,22185.112,24.018,17.365,277.092,Not Available,Not Available,206417.74
1978-09-01,87041.271,26640.067,28206.109,Not Available,22188.917,Not Available,21177.215,12.896,12.938,292.585,Not Available,Not Available,185571.998
1978-10-01,82082.993,25753.492,25232.611,Not Available,22996.549,Not Available,19478.805,25.758,13.709,217.591,Not Available,Not Available,175801.507
1978-11-01,81727.362,27309.782,22000.457,Not Available,24900.669,Not Available,19952.512,24.228,11.542,245.785,Not Available,Not Available,176172.338
1978-12-01,88863.313,34026.554,21138.026,Not Available,25415.16,Not Available,22081.8,16.868,12.145,311.599,Not Available,Not Available,191865.466
1979-01-01,94985.712,39474.311,22092.806,Not Available,27792.163,Not Available,25021.457,12.201,14.205,299.38,Not Available,Not Available,209692.236
1979-02-01,84747.823,32274.117,21844.013,Not Available,25910.788,Not Available,21275.254,23.648,16.35,244.898,Not Available,Not Available,186336.89
1979-03-01,85219.537,22075.574,24916.06,Not Available,24334.822,Not Available,25920.777,30.272,23.239,328.623,Not Available,Not Available,182848.905
1979-04-01,80450.173,20599.379,24763.199,Not Available,18417.942,Not Available,25388.504,25.243,13.283,303.915,Not Available,Not Available,169961.638
1979-05-01,86149.298,21470.44,26135.375,Not Available,15024.851,Not Available,28939.195,22.626,21.34,305.604,Not Available,Not Available,178068.729
1979-06-01,90817.26,24367.27,30106.952,Not Available,16065.455,Not Available,24978.514,20.957,16.46,309.504,Not Available,Not Available,186682.371
1979-07-01,97879.473,25749.925,34675.501,Not Available,20824.729,Not Available,22760.636,20.175,15.9,328.236,Not Available,Not Available,202254.575
1979-08-01,97910.027,26122.976,34948.735,Not Available,24204.083,Not Available,21259.932,30.048,16.457,358.096,Not Available,Not Available,204850.354
1979-09-01,85664.344,22509.343,31441.588,Not Available,21803.87,Not Available,18978.246,31.004,12.094,310.775,Not Available,Not Available,180751.264
1979-10-01,87527.612,20278.861,30418.982,Not Available,20934.359,Not Available,20166.7,29.302,11.732,348.445,Not Available,Not Available,179715.992
1979-11-01,87455.783,23380.251,24661.307,Not Available,19255.175,Not Available,22366.537,31.079,17.576,338.536,Not Available,Not Available,177506.244
1979-12-01,96230.048,25222.763,23480.589,Not Available,20586.386,Not Available,22727.06,23.304,19.556,412.956,Not Available,Not Available,188702.664
1980-01-01,103257.677,24985.981,26348.819,Not Available,19745.966,Not Available,25278.087,30.867,20.829,336.471,Not Available,Not Available,200004.699
1980-02-01,98150.804,24780.801,24755.111,Not Available,19277.338,Not Available,21377.604,31.482,18.624,323.169,Not Available,Not Available,188714.933
1980-03-01,95386.178,20415.059,26891.062,Not Available,20038.872,Not Available,24332.151,29.39,12.461,359.122,Not Available,Not Available,187464.293
1980-04-01,83561.813,16024.88,24181.362,Not Available,18793.503,Not Available,25747.906,21.841,12.188,376.294,Not Available,Not Available,168719.787
1980-05-01,84884.262,16545.279,26586.804,Not Available,18384.807,Not Available,28864.874,9.782,14.817,443.088,Not Available,Not Available,175733.713
1980-06-01,93691.765,18019.504,31294.973,Not Available,18322.206,Not Available,27656.143,6.572,10.997,427.499,Not Available,Not Available,189429.659
1980-07-01,108456.913,23288.774,39063.083,Not Available,21023.937,Not Available,24468.827,15.032,10.197,449.596,Not Available,Not Available,216776.36
1980-08-01,107579.936,24884.835,37647.074,Not Available,24332.931,Not Available,20431.309,24.25,12.567,480.427,Not Available,Not Available,215393.328
1980-09-01,97556.952,17815.305,33579.978,Not Available,23572.294,Not Available,18491.19,23.997,11.046,433.806,Not Available,Not Available,191484.569
1980-10-01,91196.02,15858.229,28591.879,Not Available,24509.631,Not Available,17865.85,29.809,11.031,492.623,Not Available,Not Available,178555.072
1980-11-01,93500.667,19989.308,24338.395,Not Available,20983.909,Not Available,19217.106,27.882,11.012,481.542,Not Available,Not Available,178549.821
1980-12-01,104339.38,23386.234,22961.361,Not Available,22130.182,Not Available,22289.922,24.462,12.026,469.442,Not Available,Not Available,195613.009
1981-01-01,111764.813,25963.088,22080.996,Not Available,23778.769,Not Available,22338.49,24.316,10.563,505.539,Not Available,Not Available,206466.574
1981-02-01,97653.289,17443.999,21339.106,Not Available,21595.261,Not Available,21098.942,27.208,8.81,446.85,Not Available,Not Available,179613.464
1981-03-01,99482.128,16956.746,25996.919,Not Available,22004.399,Not Available,20572.453,29.436,10.261,501.033,Not Available,Not Available,185553.375
1981-04-01,88109.349,15106.252,27460.284,Not Available,20646.019,Not Available,20722.677,27.823,9.454,462.686,Not Available,Not Available,172544.544
1981-05-01,88940.698,14507.881,30070.319,Not Available,19723.09,Not Available,24081.252,14.228,9.978,458.335,Not Available,Not Available,177805.78
1981-06-01,99837.068,18971.565,35885.106,Not Available,21165.626,Not Available,26369.752,6.86,8.486,457.46,Not Available,Not Available,202701.924
1981-07-01,112853.683,20071.683,38712.255,Not Available,23079.647,Not Available,25132.882,9.957,10.344,502.803,Not Available,Not Available,220373.254
1981-08-01,108402.855,16001.049,36917.716,Not Available,26946.387,Not Available,21614.967,10.736,13.02,496.632,Not Available,Not Available,210403.361
1981-09-01,97663.878,15565.877,30850.324,Not Available,24398.455,Not Available,17821.506,23.321,15.24,499.717,Not Available,Not Available,186838.318
1981-10-01,97046.239,16213.139,28916.564,Not Available,20555.822,Not Available,18088.439,25.808,12.621,492.996,Not Available,Not Available,181351.628
1981-11-01,94841.001,13847.211,24670.378,Not Available,22783.424,Not Available,18963.435,25.044,9.378,430.344,Not Available,Not Available,175570.213
1981-12-01,106608.232,15772.285,22877.206,Not Available,25996.603,Not Available,23878.75,20.464,4.474,431.768,Not Available,Not Available,195589.781
1982-01-01,113123.631,20673.949,22620.535,Not Available,25677.834,Not Available,26895.536,18.831,12.217,380.21,Not Available,Not Available,209402.742
1982-02-01,96905.528,15216.865,20919.528,Not Available,20187.619,Not Available,26689.988,19.505,10.388,349.706,Not Available,Not Available,180299.127
1982-03-01,97625.094,13494.516,23597.611,Not Available,22755.478,Not Available,29884.687,11.849,10.215,308.008,Not Available,Not Available,187687.458
1982-04-01,88115.664,11192.216,23231.222,Not Available,21784.661,Not Available,27927.889,9.816,7.661,310.575,Not Available,Not Available,172579.704
1982-05-01,92997.402,9867.698,24291.498,Not Available,21638.768,Not Available,27970.899,8.875,11.157,360.911,Not Available,Not Available,177147.208
1982-06-01,95313.637,10419.113,27959.064,Not Available,24026.011,Not Available,27952.8,11.244,10.598,435.826,Not Available,Not Available,186128.292
1982-07-01,110617.225,13380.25,33340.356,Not Available,25467.06,Not Available,27293.876,13.15,13.278,458.391,Not Available,Not Available,210583.586
1982-08-01,110124.075,11753.038,34418.117,Not Available,24986.071,Not Available,23894.37,14.372,8.747,456.832,Not Available,Not Available,205655.622
1982-09-01,96895.697,10363.144,27649.118,Not Available,25390.532,Not Available,19895.827,21.737,7.799,438.243,Not Available,Not Available,180662.097
1982-10-01,93769.09,9885.352,25804.497,Not Available,23247.7,Not Available,19750.369,30.99,11.775,466.512,Not Available,Not Available,172966.286
1982-11-01,95547.275,9312.965,21465.602,Not Available,23235.022,Not Available,23296.787,20.135,9.463,489.97,Not Available,Not Available,173377.219
1982-12-01,100969.888,11238.383,19962.6,Not Available,24376.491,Not Available,27759.865,15.435,11.681,387.681,Not Available,Not Available,184722.025
1983-01-01,108164.265,12879.838,19721.254,Not Available,25073.059,Not Available,29234.549,13.293,9.254,483.529,Not Available,0.172,195579.213
1983-02-01,92691.602,12585.943,16658.895,Not Available,22197.767,Not Available,27949.891,12.152,10.536,371.94,Not Available,0.018,172478.744
1983-03-01,95598.248,12556.444,19686.264,Not Available,23890.193,Not Available,30302.178,14.433,11.446,428.696,Not Available,0.313,182488.215
1983-04-01,88113.755,10336.746,19173.85,Not Available,22334.793,Not Available,29988.66,11.618,10.612,401.83,Not Available,0.214,170372.078
1983-05-01,91296.386,9050.351,20444.768,Not Available,22050.937,Not Available,31193.505,10.56,18.831,326.45,Not Available,0.251,174392.04
1983-06-01,101512.015,11138.627,23091.183,Not Available,24151.858,Not Available,30692.332,13.661,19.028,429.464,Not Available,0.212,191048.379
1983-07-01,121560.33,14709.748,29615.086,Not Available,25602.084,Not Available,28113.434,13.99,15.732,534.843,Not Available,0.097,220165.343
1983-08-01,129312.743,14730.919,33147.159,Not Available,26201.317,Not Available,25827.564,18.181,15.72,703.792,Not Available,0.01,229957.406
1983-09-01,108867.586,11298.792,28040.45,Not Available,25007.372,Not Available,21711.698,19.309,15.275,642.982,Not Available,0.378,195603.843
1983-10-01,101951.282,9941.041,23782.891,Not Available,25796.805,Not Available,20746.779,23.245,14.16,674.082,Not Available,0.464,182930.749
1983-11-01,103225.255,9229.464,20169.388,Not Available,25010.113,Not Available,24677.685,26.657,10.282,599.874,Not Available,0.423,182949.141
1983-12-01,117130.811,16040.679,20567.27,Not Available,26360.821,Not Available,31691.461,38.767,11.87,477.619,Not Available,0.117,212319.415
1984-01-01,120850.261,15938.933,20245.336,Not Available,29313.313,Not Available,29737.483,45.15,13.697,487.953,-0.069,0.041,216632.098
1984-02-01,104706.39,10052.549,17826.724,Not Available,28435.519,Not Available,27899.634,23.417,23.078,596.024,0.061,0.199,189563.597
1984-03-01,111157.719,10806.168,19644.833,Not Available,27344.704,Not Available,30434.977,28.649,34.591,654.973,0.17,0.184,200106.968
1984-04-01,97541.501,7449.51,21197.053,Not Available,24231.118,Not Available,29969.929,14.401,33.607,646.337,0.323,0.562,181084.341
1984-05-01,100138.89,8421.629,25303.732,Not Available,25866.506,Not Available,31813.517,15.569,36.125,619.995,0.703,0.758,192217.425
1984-06-01,115425.514,11151.74,28345.033,Not Available,25299.389,Not Available,28773.014,15.275,35.155,601.822,0.945,0.599,209648.487
1984-07-01,121094.329,10396.601,33326.633,Not Available,28284.305,Not Available,27494.516,36.274,36.829,574.462,0.253,0.468,221244.669
1984-08-01,127743.902,12835.775,33291.869,Not Available,29493.032,Not Available,25136.934,38.495,35.205,719.249,0.883,0.266,229295.612
1984-09-01,108861.54,7713.431,27838.782,Not Available,29145.7,Not Available,20910.98,43.654,34.823,647.833,0.976,0.499,195198.217
1984-10-01,110800.527,7874.495,25782.724,Not Available,24773.645,Not Available,20886.515,53.737,52.117,711.156,0.683,0.87,190936.468
1984-11-01,109759.28,9232.298,23727.895,Not Available,24574.563,Not Available,22259.171,76.675,47.012,702.248,0.337,0.847,190380.325
1984-12-01,113600.9,7934.784,20862.981,Not Available,30871.754,Not Available,25833.574,70.113,42.301,778.452,-0.016,1.197,199996.04
1985-01-01,129092.471,12077.118,22050.835,Not Available,36186.298,Not Available,27543.423,82.597,48.412,774.003,0.465,0.635,227856.257
1985-02-01,112036.83,9270.117,19417.44,Not Available,30812.422,Not Available,25902.171,74.844,43.696,683.523,-0.085,1.093,198242.051
1985-03-01,111390.703,7120.015,19848.321,Not Available,31041.225,Not Available,24639.943,80.633,52.38,795.867,0.104,0.69,194969.881
1985-04-01,104790.423,6017.18,22425.012,Not Available,26458.274,Not Available,24402.974,25.963,57.977,696.907,1.222,0.581,184876.514
1985-05-01,111514.668,6859.495,22481.467,Not Available,28697.365,Not Available,26421.137,31.256,58.191,724.684,1.471,0.337,196790.07
1985-06-01,115583.004,7576.498,26739.747,Not Available,30836.969,Not Available,23838.656,26.683,61.497,698.184,1.568,0.337,205363.144
1985-07-01,128880.144,8289.434,32190.85,Not Available,35184.214,Not Available,21292.823,53.538,62.516,767.624,1.055,0.071,226722.269
1985-08-01,126549.659,9858.348,33915.168,Not Available,34812.142,Not Available,19980.82,71.265,58.384,802.236,2.007,0.363,226050.393
1985-09-01,114630.253,7434.642,26272.697,Not Available,34507.709,Not Available,18767.239,77.939,44.056,762.515,1.369,0.832,202499.251
1985-10-01,111053.345,7514.42,24119.576,Not Available,31205.154,Not Available,20047.636,72.286,45.375,729.992,0.947,0.524,194789.255
1985-11-01,108814.643,7008.016,22453.425,Not Available,30166.489,Not Available,22954.019,73.695,55.303,901.352,0.276,0.194,192427.412
1985-12-01,127791.979,11176.988,20031.428,Not Available,33782.468,Not Available,25358.576,72.595,51.791,988.343,0.231,0.105,219254.505
1986-01-01,130189.924,11088.338,17472.41,Not Available,36218.874,Not Available,21377.147,64.133,50.205,1007.682,0.638,0.155,217469.505
1986-02-01,110982.428,9529.298,14924.854,Not Available,32721.017,Not Available,23222.056,36.611,53.139,865.407,0.592,0.169,192335.57
1986-03-01,110389.796,10072.925,16149.202,Not Available,30773.127,Not Available,28465.433,20.004,61.743,900.114,1.014,0.69,196834.048
1986-04-01,98995.106,9226.796,18961.06,Not Available,30476.66,Not Available,27523.345,19.908,57.126,811.665,1.377,0.613,186073.656
1986-05-01,104900.302,10435.353,21947.302,Not Available,31924.086,Not Available,27204.623,24.295,56.019,820.177,1.828,0.74,197314.725
1986-06-01,120153.987,11563.482,24767.149,Not Available,31333.867,Not Available,26223.37,26.723,54.981,889.86,1.409,0.502,215015.329
1986-07-01,136653.936,16296.267,28711.652,Not Available,35893.532,Not Available,24071.961,40.96,57.454,944.107,1.669,0.522,242672.059
1986-08-01,123617.62,15465.909,26352.173,Not Available,37483.147,Not Available,21189.37,56.503,57.707,941.909,1.629,0.46,225166.427
1986-09-01,113957.353,10676.506,23456.719,Not Available,36592.616,Not Available,21113.549,51.188,53.156,789.335,1.438,0.069,206691.93
1986-10-01,108583.774,9872.701,20876.382,Not Available,36213.556,Not Available,21335.096,38.668,56.205,775.916,1.289,0.227,197753.814
1986-11-01,109045.451,10463.699,18044.042,Not Available,34944.105,Not Available,23153.423,46.194,62.783,671.542,0.895,0.012,196432.146
1986-12-01,118361.775,11893.594,16845.488,Not Available,39463.476,Not Available,25964.725,66.323,64.715,890.243,0.254,0.03,213550.624
1987-01-01,126630.512,11926.743,17788.153,Not Available,39974.825,Not Available,25412.297,64.23,58.189,894.259,0.062,0.075,222749.344
1987-02-01,109647.934,10501.85,15119.732,Not Available,36598.257,Not Available,21226.011,57.114,53.476,829.269,0.532,0.004,194034.179
1987-03-01,111920.394,10007.168,18349.449,Not Available,37290.006,Not Available,23247.942,58.599,65.749,909.237,0.902,-0.009,201849.437
1987-04-01,105474.356,7911.58,19601.569,Not Available,33517.74,Not Available,22025.217,45.401,61.34,856.992,1.278,0.146,189495.619
1987-05-01,115155.284,8145.79,23238.723,Not Available,34320.408,Not Available,24201.911,46.379,63.545,900.486,1.251,0.328,206074.105
1987-06-01,129350.599,10654.604,27090.362,Not Available,36560.089,Not Available,20862.595,78.229,65.213,924.767,1.665,0.965,225589.088
1987-07-01,143502.911,12547.339,30511.554,Not Available,40055.583,Not Available,20194.515,79.441,64.291,956.08,1.785,1.226,247914.728
1987-08-01,143194.312,11288.95,32261.639,Not Available,41352.353,Not Available,18446.335,82.344,64.953,952.397,1.19,0.232,247644.706
1987-09-01,120777.103,7696.435,25677.538,Not Available,39665.826,Not Available,18179.678,70.933,51.074,888.492,0.774,0.226,213008.078
1987-10-01,117742.848,6819.448,22985.178,Not Available,36491.544,Not Available,17954.602,58.104,56.823,899.778,0.576,0.062,203008.962
1987-11-01,114171.65,9803.399,21005.294,Not Available,37437.67,Not Available,16857.141,65.425,46.893,869.989,0.322,0.063,200257.846
1987-12-01,126213.387,11189.264,18991.611,Not Available,42006.081,Not Available,21086.729,76.889,42.394,893.714,0.159,0.224,220500.454
1988-01-01,137845.293,16090.408,16237.245,Not Available,44658.45,Not Available,22032.781,91.493,38.041,901.993,0.458,0.642,237896.803
1988-02-01,126267.376,11889.894,16530.273,Not Available,42246.023,Not Available,19105.436,82.293,38.403,776.173,0.767,-0.001,216936.638
1988-03-01,120033.644,9768.817,19743.729,Not Available,43912.016,Not Available,19514.061,89.832,44.923,904.768,1.288,0.03,214013.108
1988-04-01,109135.472,7493.961,19241.49,Not Available,40066.609,Not Available,19103.915,68.986,70.548,818.823,0.478,0.031,196000.313
1988-05-01,115195.008,7210.616,23154.533,Not Available,40650.384,Not Available,21238.404,38.89,76.751,804.966,1.263,0.016,208370.831
1988-06-01,132267.995,9754.321,26808.398,Not Available,44079.082,Not Available,18832.948,80.642,68.454,853.815,1.358,0.013,232747.026
1988-07-01,144301.353,14059.314,31284.129,Not Available,49828.437,Not Available,16903.664,82.193,71.663,928.768,1.115,-0.004,257460.632
1988-08-01,152376.525,16068.103,32701.666,Not Available,49035.279,Not Available,16447.181,96.023,80.401,886.209,1.131,0.022,267692.539
1988-09-01,124409.811,10013.751,22213.483,Not Available,46270.481,Not Available,16270.154,78.313,72.431,849.671,0.971,0.005,220179.071
1988-10-01,121339.387,13235.78,17315.929,Not Available,42591.127,Not Available,15112.129,75.019,72.517,865.865,0.137,0.033,210607.923
1988-11-01,121053.811,14962.382,14542.603,Not Available,39583.296,Not Available,18466.168,75.64,49.857,859.595,0.068,0.031,209593.452
1988-12-01,136427.1,18352.213,13027.227,Not Available,44051.863,Not Available,19912.843,76.661,54.267,849.434,0.059,0.053,232751.721
1989-01-01,135938.512,15399.021,15627.89,38.565,46327.876,Not Available,21256.051,493.576,438.211,1279.108,6.957,145.754,236975.475
1989-02-01,127899.361,17825.259,18592.111,34.832,38724.747,Not Available,18909.824,459.245,423.7,1154.869,7.414,223.489,224276.487
1989-03-01,127435.17,16739.795,22382.883,38.565,39636.347,Not Available,22994.049,523.072,286.842,1362.218,19.086,255.996,231697.978
1989-04-01,116097.898,11611.643,25170.426,37.32,33494.851,Not Available,24452.258,448.192,399.303,1181.97,23.655,238.112,213178.81
1989-05-01,119774.96,9982.387,26481.529,38.565,38338.755,Not Available,28485.647,328.105,648.567,1252.563,15.56,204.252,225574.844
1989-06-01,129335.273,12645.206,27521.678,37.32,42976.005,Not Available,26285.128,394.676,660.156,1236.567,21.626,156.368,241293.185
1989-07-01,139415.012,12133.086,33845.86,38.565,52331.024,Not Available,23024.39,418.792,787.752,1254.023,35.589,142.075,263450.123
1989-08-01,142696.276,11030.939,33129.386,38.565,54947.688,Not Available,20501.41,509.427,746.015,1210.107,26.226,103.095,264963.09
1989-09-01,127608.668,10115.707,28452.468,37.32,44836.739,Not Available,19213.843,460.086,837.68,1126.904,31.453,280.158,233024.209
1989-10-01,123078.513,8298.775,27504.445,38.565,43557.735,Not Available,20388.18,489.893,872.196,1185.474,28.156,175.613,225641.499
1989-11-01,125034.968,11392.068,20191.404,37.32,43399.433,Not Available,21515.798,520.572,873.596,1130.863,24.616,122.834,224266.655
1989-12-01,148051.586,21831.074,18395.048,38.565,50783.516,Not Available,22162.631,536.472,768.897,1218.775,10.263,64.296,263885.078
1990-01-01,133686.091,11696.917,16039.439,52.752,55119.378,-152.501,24090.073,626.338,941.146,1362.239,14.995,301.281,243779.161
1990-02-01,117001.605,9533.273,14590.4,47.647,49962.644,-277.354,24972.52,633.1,870.27,1245.569,17.994,231.216,218829.798
1990-03-01,124125.711,10333.0,20680.483,52.752,46087.114,5.78,28660.886,660.809,1003.955,1369.912,25.492,245.229,233252.134
1990-04-01,118200.1,10301.246,22255.089,51.05,38516.014,-308.257,26268.032,622.866,937.505,1080.717,27.741,420.392,218373.475
1990-05-01,120745.756,9590.551,26798.16,52.752,42945.119,-159.195,27765.311,477.301,942.207,1276.053,46.636,350.327,230831.99
1990-06-01,133687.425,13558.968,33141.68,51.05,46332.308,-215.518,28545.606,313.568,987.836,1327.528,37.938,406.379,258175.748
1990-07-01,145515.887,13026.456,36308.701,52.752,53644.726,-307.056,24499.447,532.275,932.84,1337.508,46.636,119.111,275710.296
1990-08-01,148485.949,11058.723,38215.897,52.752,55758.133,-383.739,21909.825,671.338,981.744,1319.564,48.885,70.065,278190.148
1990-09-01,136579.089,8107.098,33062.008,51.05,48484.924,-451.376,17810.431,656.139,998.027,1240.928,31.34,91.085,246661.723
1990-10-01,131225.899,7311.794,28603.739,52.752,43395.118,-301.729,19328.309,609.55,1019.176,1300.851,33.74,203.189,232783.401
1990-11-01,124997.073,6319.497,20668.422,51.05,45034.367,-390.788,20837.893,552.684,944.028,1246.553,16.345,231.216,220509.317
1990-12-01,137858.337,8026.406,19122.332,52.752,51581.833,-566.008,25064.791,676.477,941.192,1326.848,19.344,119.111,244224.427
1991-01-01,143562.504,9332.097,19664.753,61.072,54368.993,-378.288,26608.312,873.713,1154.882,1390.526,19.928,62.125,256754.81
1991-02-01,119210.811,8792.676,16507.563,55.162,47862.642,-419.651,22810.329,540.342,1034.215,1212.415,21.482,289.918,217948.786
1991-03-01,119714.862,8889.782,22188.512,61.072,49121.188,-419.459,26797.388,514.168,1192.835,1384.412,6.077,207.084,229692.112
1991-04-01,113699.175,8079.679,24664.017,59.102,41631.054,-407.238,26649.583,381.166,1207.035,1242.549,6.501,238.147,217483.859
1991-05-01,125318.569,11126.658,28213.584,61.072,46754.597,-315.352,29382.596,453.022,1274.401,1270.784,62.751,362.397,243999.271
1991-06-01,133467.95,11292.308,29371.659,59.102,54208.487,-258.919,26643.87,506.373,1196.714,1355.265,67.133,155.313,258098.345
1991-07-01,145637.952,11142.037,37464.644,61.072,60734.6,-455.155,25231.072,497.427,1111.617,1354.493,82.396,155.313,283051.659
1991-08-01,145837.257,12007.703,37254.405,61.072,58472.648,-309.58,22525.849,745.939,1211.231,1340.937,71.514,227.793,279480.961
1991-09-01,130613.061,8750.012,30031.692,59.102,51873.616,-316.919,19143.617,885.522,1149.601,1257.745,60.207,207.084,243747.43
1991-10-01,126953.34,6561.152,30541.526,61.072,47652.637,-411.542,18331.347,760.611,1035.448,1327.954,35.616,424.523,233307.875
1991-11-01,130596.968,7876.902,22842.625,59.102,46295.177,-469.947,19169.128,713.65,1175.914,1390.1,25.157,424.523,230132.388
1991-12-01,134233.187,8947.157,19028.379,61.072,53589.448,-379.385,22726.351,863.742,1110.035,1439.264,13.003,196.73,241863.175
1992-01-01,139227.837,10583.348,20494.781,102.696,57848.681,-469.755,22537.775,909.96,1425.762,1415.114,8.702,150.001,254275.541
1992-02-01,123416.887,8606.287,20478.253,96.07,52803.662,-287.242,18723.743,645.417,1375.313,1246.593,11.098,515.629,227669.728
1992-03-01,129445.831,9137.74,25216.944,102.696,45835.381,-565.073,22701.14,547.37,1312.039,1419.386,14.124,328.128,235536.343
1992-04-01,121568.769,6748.271,27759.865,99.383,42267.583,-354.464,20318.818,519.208,1161.777,1284.733,29.257,318.753,221761.28
1992-05-01,125481.368,5348.515,28742.424,102.696,45627.313,-289.757,23156.319,331.85,1428.219,1360.468,46.913,93.751,231470.718
1992-06-01,131401.47,7788.109,31666.964,99.383,51185.047,-112.825,23399.026,626.323,1370.884,1344.893,45.904,75.001,248929.508
1992-07-01,151091.554,8859.293,40474.767,102.696,56048.753,-235.638,20460.946,720.938,1423.791,1364.252,62.172,75.001,280489.163
1992-08-01,143864.578,7181.109,36455.697,102.696,58655.626,-418.215,18956.442,851.473,1399.003,1374.444,60.406,140.626,268664.523
1992-09-01,135083.413,7096.199,33062.196,99.383,50919.47,-230.924,17508.656,760.321,1369.175,1277.633,46.03,318.753,247349.633
1992-10-01,129711.159,7166.535,25868.244,102.696,48783.96,-412.202,17219.311,869.756,1259.357,1348.255,37.581,243.752,232239.043
1992-11-01,127272.642,7093.764,22842.205,99.383,50725.542,-453.717,20256.336,897.772,976.41,1344.244,28.375,281.252,231403.537
1992-12-01,140148.311,6628.742,21211.783,102.696,58075.245,-346.77,24777.171,810.707,1422.156,1357.949,9.08,346.878,254584.588
1993-01-01,140574.907,7667.122,20892.492,82.087,59076.169,-536.16,25771.43,922.733,1657.577,1442.919,9.366,247.393,257842.658
1993-02-01,132156.545,7349.55,20841.993,74.143,51319.099,-447.04,20800.303,822.948,1282.598,1402.587,17.759,49.479,235701.235
1993-03-01,138593.548,9075.572,24826.749,82.087,46605.706,4.992,24320.058,850.315,1623.087,1461.515,34.544,519.526,248032.322
1993-04-01,122256.561,5512.5,22052.109,79.439,43198.624,-421.345,26382.244,687.848,1182.77,1450.613,54.127,371.09,222840.085
1993-05-01,122818.533,5578.488,20942.573,82.087,50366.855,-128.017,30373.235,424.793,1368.004,1290.074,49.505,371.09,233571.843
1993-06-01,139692.512,8270.361,32242.07,79.439,52620.167,-162.783,27600.731,455.265,1388.795,1299.847,35.395,86.588,263641.893
1993-07-01,160942.87,12011.412,41905.624,82.087,56502.161,-163.676,24462.669,549.663,1332.762,1426.937,62.398,136.066,299285.597
1993-08-01,158704.143,12683.55,45287.448,82.087,56208.868,-461.175,20758.715,938.895,1107.686,1448.882,68.237,74.218,296936.176
1993-09-01,136152.113,10336.245,33014.883,79.439,49988.643,-429.249,18049.914,833.66,1354.851,1397.201,56.56,136.066,251003.831
1993-10-01,133028.088,8111.584,30283.827,82.087,44434.321,-558.799,18004.068,854.222,1339.294,1385.085,33.936,284.502,237316.837
1993-11-01,134411.994,7921.24,27141.927,79.439,46862.472,-302.143,18769.996,917.531,1249.995,1371.456,26.759,457.677,238941.85
1993-12-01,146132.338,10907.7,22790.135,82.087,53108.129,-430.177,22230.3,893.978,1335.918,1411.45,13.866,272.132,258782.48
1994-01-01,155627.101,15825.255,22319.587,92.747,56846.753,-414.822,20826.757,1150.057,1130.554,1412.708,25.368,0,274862.376
1994-02-01,133605.869,10465.244,19241.706,83.772,49821.381,-267.113,19958.19,812.335,1194.765,1284.857,21.584,100.401,236341.334
1994-03-01,136041.525,8628.372,24081.673,92.747,48969.479,-250.355,23040.371,818.589,1409.258,1294.141,49.475,546.629,244742.213
1994-04-01,122009.284,8318.377,26808.3,89.755,43192.096,-238.332,24115.206,707.222,1262.668,1325.641,48.074,412.761,228070.706
1994-05-01,128833.659,7577.159,27393.044,92.747,48525.043,-265.816,25285.426,414.341,1553.961,1301.071,50.036,368.138,241149.117
1994-06-01,150215.334,10716.954,40731.943,89.755,51751.052,-396.78,24423.923,531.721,1519.26,1168.938,56.483,368.138,281196.375
1994-07-01,155046.372,10099.205,46180.999,92.747,59122.618,-251.655,22812.47,909.068,1429.149,1238.416,53.119,189.647,296942.463
1994-08-01,154238.173,6572.441,49278.5,92.747,60104.031,-160.138,19820.578,757.81,1406.746,1364.68,39.384,133.868,293669.13
1994-09-01,134544.362,5448.297,38160.59,89.755,55628.189,-313.657,16186.894,692.456,1297.022,1261.829,49.615,312.359,253377.365
1994-10-01,132076.877,4949.521,34362.058,92.747,50702.568,-266.748,17101.532,863.998,1548.367,1294.504,55.782,356.982,243158.498
1994-11-01,125930.588,4856.304,30172.783,89.755,55279.658,-326.448,18695.046,809.666,1520.051,1280.548,27.611,490.85,238846.067
1994-12-01,138106.948,5219.49,26958.141,92.747,60496.964,-225.961,21738.433,765.018,1712.044,1308.122,10.091,167.335,256369.682
1995-01-01,145267.305,4658.381,26378.645,163.649,63341.706,-421.049,24434.76,537.346,1441.399,1151.068,5.211,5.703,266982.236
1995-02-01,131022.453,7887.1,22400.125,147.812,51858.111,77.278,24606.214,418.03,1248.81,835.906,9.024,23.382,240550.606
1995-03-01,129516.21,3450.021,32524.436,163.649,51879.92,216.616,28071.151,539.026,1265.928,918.627,17.666,4.562,248585.925
1995-04-01,121167.787,3712.98,30094.136,158.37,49320.883,32.986,24145.375,664.856,1677.448,794.558,51.22,6.843,231844.972
1995-05-01,128539.292,4916.989,33640.039,163.649,54386.954,80.689,27296.888,499.17,1066.984,718.396,67.997,408.613,251803.772
1995-06-01,140857.91,4952.429,38730.404,158.37,56380.848,-432.561,29697.961,460.43,1569.461,791.132,81.342,498.433,273763.687
1995-07-01,161553.153,8121.871,52865.374,163.649,62037.146,-251.165,26991.234,825.347,1514.104,860.002,72.572,619.905,315391.306
1995-08-01,170042.788,9248.235,60566.355,163.649,61660.819,-244.513,23952.016,859.432,1603.928,1478.777,70.284,545.767,329965.651
1995-09-01,137952.2,5431.737,41574.692,158.37,55689.862,-297.417,19677.75,698.257,1565.637,1034.776,52.237,572.856,264128.486
1995-10-01,133951.168,3919.799,31476.719,163.649,54293.47,-635.032,22747.616,789.055,1704.994,1744.081,35.968,256.63,250466.23
1995-11-01,136583.551,3943.608,26272.859,158.37,52708.355,-334.788,25096.1,672.87,1736.859,1562.952,25.165,125.179,248568.61
1995-12-01,149602.502,7902.703,22654.809,163.649,59844.049,-516.175,28693.371,632.955,1590.226,1487.983,8.134,96.379,272178.698
1996-01-01,155428.691,8740.992,23145.702,113.594,62941.562,-464.721,30190.041,764.192,1158.647,968.3,12.993,147.279,283164.316
1996-02-01,140232.939,9153.968,19212.431,106.265,55927.692,-471.342,31246.296,521.918,1321.348,987.784,19.079,111.817,258386.14
1996-03-01,141140.094,6774.972,21933.493,113.594,55473.88,-88.686,33295.511,650.807,1485.455,926.931,59.209,187.533,261969.837
1996-04-01,127693.673,3554.463,23947.867,109.93,50325.24,54.545,31292.068,384.996,1311.057,1053.34,74.34,244.4,240062.412
1996-05-01,137115.928,4432.699,36652.423,113.594,55636.922,-72.397,32685.497,531.431,1352.102,707.462,85.689,391.679,269650.072
1996-06-01,148971.279,6197.986,41417.214,109.93,57497.751,-253.105,31372.82,672.45,1591.636,1060.028,91.281,375.705,289121.468
1996-07-01,161666.107,8420.41,49201.32,113.594,60953.431,-182.96,28374.968,798.583,1700.869,1519.593,71.215,535.125,313189.297
1996-08-01,164996.464,7028.775,50793.369,113.594,61476.508,-212.965,25811.954,922.524,1286.484,1572.002,31.907,415.001,314252.66
1996-09-01,145153.849,5391.368,39290.067,109.93,54592.87,-405.79,21755.618,695.806,1512.597,1359.024,10.033,351.425,269833.291
1996-10-01,145458.67,3730.071,31445.012,113.594,50612.356,-382.11,22204.205,919.246,1762.876,1452.37,28.289,253.026,257614.647
1996-11-01,148092.563,4769.302,23822.316,109.93,52131.809,-507.372,23148.959,871.832,1632.954,1473.885,19.901,98.718,255681.29
1996-12-01,156022.734,6587.858,17896.078,113.594,57158.525,-101.175,29780.9,652.595,1700.174,1247.965,17.269,122.36,271215.921
1997-01-01,164259.486,9148.459,18820.869,130.231,58914.427,-507.206,32422.741,850.022,1333.64,1115.892,11.748,120.475,286626.118
1997-02-01,137486.321,4982.042,18984.181,117.628,50657.615,-332.491,31001.351,591.08,1444.077,833.894,34.215,108.923,245913.654
1997-03-01,140371.152,4832.967,25628.745,130.231,50414.084,-217.216,34423.384,674.079,1443.364,1178.867,44.935,148.531,259078.457
1997-04-01,134172.15,4366.151,26585.961,126.03,44882.839,-273.586,31553.015,682.322,1641.514,1303.916,61.969,324.018,245431.459
1997-05-01,138618.583,4951.112,31266.462,130.231,47031.786,-19.477,33627.131,734.112,1700.188,1267.653,52.864,350.423,259716.402
1997-06-01,148700.259,7483.573,40091.513,126.03,52094.784,-227.064,33894.816,575.969,1532.816,1035.731,78.122,517.108,285908.819
1997-07-01,170167.271,10089.968,56922.638,130.231,57352.132,-274.004,31140.592,702.916,1596.171,1377.737,72.395,509.406,329792.786
1997-08-01,165377.068,8576.106,52463.179,130.231,61083.7,-298.055,26467.482,755.388,1612.905,1360.902,60.207,530.31,318124.758
1997-09-01,154218.768,8550.589,45480.715,126.03,52586.11,-371.14,23017.552,703.115,1377.63,1298.792,33.774,260.204,287287.304
1997-10-01,154806.215,7889.733,32793.804,130.231,46981.239,-440.578,24331.633,974.82,1636.669,1283.962,32.6,274.507,270700.17
1997-11-01,148728.808,7407.142,23992.55,126.03,51188.914,-534.935,23324.421,768.667,1548.554,1279.228,16.447,72.615,257923.603
1997-12-01,163855.678,8201.209,26565.204,130.231,55456.541,-544.151,25443.845,667.739,1617.037,1389.527,11.894,71.515,282871.604
1998-01-01,160360.115,7089.253,23759.345,196.608,57888.88,-44.501,28330.826,939.033,1375.484,1402.262,8.78,17.395,281336.98
1998-02-01,139689.849,6307.912,18713.574,177.581,50998.718,125.32,29488.745,601.593,1390.296,1113.638,6.785,8.186,248634.389
1998-03-01,147901.511,9631.865,27296.746,196.608,53711.047,-15.434,31151.956,692.759,1638.468,1388.853,49.888,6.139,273663.906
1998-04-01,135407.765,7562.351,26849.263,190.265,47502.988,-439.095,28124.049,698.205,1605.188,914.509,55.476,85.951,248569.979
1998-05-01,148792.084,10577.37,39576.722,196.608,51496.327,-731.443,32634.424,738.235,1767.256,823.407,37.715,143.252,286065.456
1998-06-01,161122.231,13468.566,50933.616,190.265,55731.853,-679.183,31794.087,383.287,1427.674,1009.301,66.85,394.967,315856.578
1998-07-01,176980.559,15100.741,61295.676,196.608,61499.085,-670.138,28174.369,724.999,1637.348,1280.061,81.018,547.429,346861.255
1998-08-01,176421.013,14468.937,62241.478,196.608,60368.984,-707.132,24686.119,771.001,1640.753,1377.533,72.837,421.571,341973.2
1998-09-01,158732.176,11692.334,52481.099,190.265,57205.864,-273.845,20474.207,751.914,1578.805,1352.908,51.884,475.803,304726.476
1998-10-01,147849.329,8141.602,34765.459,196.608,57429.377,-504.304,18565.227,836.378,1738.427,1493.723,37.516,298.784,270861.624
1998-11-01,141174.369,8211.209,24971.717,190.265,57372.39,-531.517,19681.952,655.134,1429.015,1330.988,20.155,181.112,254699.853
1998-12-01,155762.305,9958.95,26407.884,196.608,62496.591,3.991,24760.66,815.591,2004.462,1286.734,13.57,445.106,284165.95
1999-01-01,163017.163,12577.741,27518.612,136.45,65689.472,-558.863,29070.39,913.072,1471.922,1323.272,7.667,337.019,301515.718
1999-02-01,139944.645,9994.242,23333.051,123.245,57489.279,-362.803,28255.888,637.686,1560.279,1066.11,14.029,308.918,262375.227
1999-03-01,148914.579,10683.528,31705.667,136.45,58838.125,-383.865,31590.462,508.323,1591.933,1254.848,38.334,446.692,285336.877
1999-04-01,140376.421,9008.366,38815.715,132.048,48529.139,-470.855,26921.795,746.748,1740.378,1055.693,54.81,373.317,267294.994
1999-05-01,146738.455,9317.124,41299.393,136.45,56056.776,-684.81,28554.204,987.086,1842.318,1309.989,63.292,275.548,285907.624
1999-06-01,159879.779,10274.429,49195.929,132.048,62300.248,-569.075,30100.784,682.938,1770.407,1212.609,66.065,253.887,315311.468
1999-07-01,181287.756,14840.022,65082.512,136.45,66814.583,-606.2,29233.124,866.406,1664.694,1223.695,66.555,456.059,361077.456
1999-08-01,175317.462,12320.725,63945.144,136.45,68142.717,-760.631,25333.959,825.398,1563.216,1249.497,54.647,382.294,348522.676
1999-09-01,156297.977,7722.669,42500.647,132.048,60935.054,-414.793,20573.213,735.917,1600.581,1255.613,38.008,377.415,291765.768
1999-10-01,148843.457,6446.206,36918.665,136.45,55343.056,-462.683,19599.3,604.406,1590.189,1301.961,48.611,418.591,270800.008
1999-11-01,142367.465,4413.309,26158.826,132.048,60552.304,-442.143,20840.674,804.298,1573.385,1235.067,25.121,354.192,258025.967
1999-12-01,155632.564,3940.767,26521.795,136.45,67563.373,-380.178,24589.265,648.426,1523.749,1338.658,17.944,504.066,282048.678
2000-01-01,176226.539,6953.378,32342.739,171.767,70762.352,-524.814,24952.98,555.786,1656.967,1272.318,9.119,645.286,315034.994
2000-02-01,157450.381,4640.703,28803.653,160.685,64178.502,-448,22137.989,745.571,1719.457,1173.817,21.147,705.904,281299.705
2000-03-01,154990.249,4333.731,35966.894,171.767,62736.512,-596.22,26292.566,781.988,1959.683,1186.479,27.356,350.019,288211.601
2000-04-01,140225.117,4531.761,37303.423,166.226,58259.145,-382.332,28051.827,741.701,1952.655,1242.898,36.862,330.074,272469.594
2000-05-01,153663.907,8370.158,51929.914,171.767,63975.913,-485.562,26999.355,706.367,2096.521,1190.11,54.712,408.095,309091.833
2000-06-01,166892.895,10777.186,52073.745,166.226,67298.55,-558.728,24798.005,616.706,1687.053,1164.041,58.204,447.007,325431.127
2000-07-01,172583.076,10206.685,62497.457,171.767,68971.667,-276.34,23759.607,753.501,1763.899,1199.699,82.456,379.937,342103.987
2000-08-01,179400.573,12662.874,68384.587,171.767,67226.15,-354.414,21643.161,775.0,1688.803,1201.654,66.352,376.417,353253.501
2000-09-01,160113.33,10913.14,48759.429,166.226,58266.574,-636.243,17527.015,700.957,1612.272,1008.004,61.696,332.42,298835.056
2000-10-01,157145.875,8391.103,36868.713,171.767,52469.741,-395.512,16921.949,849.373,1738.687,1087.326,40.161,411.419,275711.179
2000-11-01,153697.147,7161.977,30880.84,166.226,56471.424,-350.494,18866.338,830.446,1601.819,1146.445,19.983,823.033,271325.421
2000-12-01,170722.202,16249.427,32166.607,171.767,63276.41,-530.2,19386.899,858.678,829.269,1220.367,15.327,383.652,304760.982
2001-01-01,175303.443,17395.982,35260.74,40.311,68707.077,-588.626,18611.423,756.608,1074.466,1229.325,6.5,389.25,318736.349
2001-02-01,148059.242,9816.608,31636.081,42.181,61272.407,-706.956,17231.563,625.396,982.758,1073.044,12.568,431.242,270971.381
2001-03-01,153452.065,11206.697,37452.992,45.323,62140.712,-773.345,20132.657,678.018,1068.246,1190.023,31.498,532.12,287699.975
2001-04-01,139033.762,10415.996,39413.099,43.303,56003.026,-795.915,17722.781,615.682,1042.314,1094.991,38.759,684.695,265855.153
2001-05-01,150043.237,9933.71,44283.324,50.532,61512.445,-622.526,18875.189,658.929,1085.759,1071.38,81.053,635.029,288165.683
2001-06-01,160887.899,11412.905,50854.424,51.089,68023.098,-773.65,20429.638,755.827,1099.375,1087.828,91.143,669.634,315147.762
2001-07-01,177141.591,10587.483,65545.858,58.828,69166.04,-870.786,17832.011,748.126,1151.474,1178.533,91.994,634.992,343833.921
2001-08-01,181052.501,13770.52,70693.358,57.18,68389.496,-714.613,18592.898,767.238,1153.697,1167.238,85.299,577.206,356152.439
2001-09-01,152449.852,6925.826,53011.705,47.394,63378.451,-928.405,15009.421,701.535,1063.869,1139.01,64.803,490.229,293881.677
2001-10-01,147218.337,6081.118,49147.153,44.011,60460.967,-615.247,15024.444,630.715,1077.336,1161.727,20.813,606.829,281390.749
2001-11-01,142472.721,5520.169,37493.802,46.01,62341.711,-810.802,15211.317,654.746,1047.722,1157.17,14.289,470.448,266155.371
2001-12-01,155711.485,6081.876,40147.146,59.629,67430.878,-622.574,19075.95,700.976,1097.414,1190.232,4.036,615.657,292062.57
2002-01-01,162520.952,6264.842,40827.445,201.305,70925.863,-750.105,21498.33,805.323,1084.051,1287.483,11.32,811.402,306171.074
2002-02-01,141429.883,5300.406,37533.119,106.794,61658.274,-586.188,19911.735,652.446,954.592,1132.195,23.565,713.931,269476.163
2002-03-01,149724.027,7826.112,43875.369,160.472,63040.647,-684.133,20731.744,776.018,1093.628,1244.968,44.397,852.102,289322.378
2002-04-01,140497.99,7463.229,42700.533,130.859,58437.062,-584.772,23929.248,660.789,1018.014,1114.735,45.858,1024.417,277126.362
2002-05-01,149646.226,7766.518,43200.381,128.366,63032.192,-538.788,26375.039,701.791,1089.455,1215.874,57.64,1077.641,294517.218
2002-06-01,162736.26,7427.938,58686.294,140.379,66371.896,-863.077,27957.118,748.668,1140.337,1150.799,95.543,1126.316,327552.617
2002-07-01,181001.267,9503.932,76390.914,197.847,70420.827,-997.855,25196.104,800.944,1203.936,1262.246,85.537,890.455,366979.526
2002-08-01,177961.921,9349.812,76935.97,201.698,70777.688,-934.63,20805.83,779.345,1211.007,1227.097,74.925,976.691,360350.959
2002-09-01,163497.093,7702.867,61381.09,181.046,64480.79,-776.518,16838.834,807.506,1112.876,1195.081,52.608,735.829,317976.124
2002-10-01,157194.815,7690.444,47931.718,170.689,60493.052,-680.998,16827.692,738.549,1061.666,1235.076,30.956,734.355,294096.127
2002-11-01,154171.746,5816.874,38736.618,164.627,61520.324,-666.344,19281.652,755.575,1047.148,1189.365,28.175,655.947,283373.892
2002-12-01,170230.632,7620.294,39483.793,185.769,68905.472,-679.52,21138.061,782.372,1128.311,1236.391,4.307,755.194,311515.511
2003-01-01,179356.205,12090.287,42546.203,265.779,69211.084,-802.368,20238.755,862.923,1156.081,1257.64,13.217,632.339,327445.552
2003-02-01,155283.289,10312.614,37040.553,237.334,60941.869,-758.887,19473.938,762.737,1012.687,1130.352,17.83,745.375,286699.229
2003-03-01,153322.956,9746.795,39959.137,228.992,59933.261,-777.512,23830.133,784.222,1163.717,1212.859,50.027,1036.104,291086.055
2003-04-01,140368.836,8152.092,38725.144,243.336,56775.591,-545.625,24512.34,729.953,1139.688,1166.455,60.309,1092.766,273016.143
2003-05-01,148573.997,7602.584,42536.347,251.206,62201.96,-596.848,29002.86,669.488,1144.658,1168.695,67.962,1006.383,294240.978
2003-06-01,160558.842,10512.538,47554.342,204.767,64180.727,-762.338,28217.145,743.069,1131.965,1222.791,90.682,1047.145,315306.203
2003-07-01,180005.823,11681.525,69623.298,212.116,69652.754,-745.14,24472.351,883.362,1227.622,1227.969,62.407,953.396,360115.67
2003-08-01,183469.256,11984.963,75772.889,203.357,69023.878,-805.987,22596.952,887.649,1211.507,1219.447,61.992,815.429,367420.217
2003-09-01,163243.213,8222.075,52177.603,204.509,63583.645,-769.142,18143.748,800.459,1141.535,1203.498,55.857,895.054,309751.465
2003-10-01,157577.568,8118.788,45022.385,180.906,60016.207,-615.06,18092.996,787.885,1112.056,1195.451,35.436,897.161,293288.828
2003-11-01,156536.197,6080.397,38942.101,209.829,59600.02,-695.409,19362.887,793.737,1127.186,1151.237,14.031,961.433,284902.426
2003-12-01,174417.644,9192.542,37403.387,204.963,68611.699,-660.749,23567.553,822.193,1238.93,1267.837,4.251,1104.881,317886.508
2004-01-01,178714.851,14534.853,41225.862,250.52,70806.16,-768.241,22650.527,845.834,1066.624,1294.777,12.61,999.445,332296.45
2004-02-01,159782.9,8801.184,43660.996,276.58,64101.949,-691.561,20626.488,800.335,1031.327,1214.123,10.862,1021.569,301278.003
2004-03-01,152551.421,9200.141,43021.771,286.939,63285.116,-653.318,22628.665,810.511,1097.365,1241.004,52.929,1291.224,295507.578
2004-04-01,139830.581,8566.97,45313.735,310.721,58620.255,-668.89,20670.046,696.376,1085.269,1161.384,56.902,1294.857,277603.289
2004-05-01,155287.538,9755.293,54948.335,322.218,64917.412,-688.911,23810.747,719.82,1138.474,1207.536,81.776,1701.651,313916.053
2004-06-01,165842.103,10328.212,57732.388,308.112,67734.073,-718.404,25051.758,736.521,1100.804,1224.702,87.876,1397.206,331530.503
2004-07-01,179599.998,11540.972,71760.175,325.238,71975.04,-693.449,23112.612,896.748,1116.936,1277.531,82.103,1164.37,362932.0
2004-08-01,176372.529,10585.18,70521.528,292.727,71068.483,-817.999,21364.174,888.565,1115.192,1257.163,72.846,1050.719,354508.524
2004-09-01,162593.099,8266.733,60912.066,313.824,65932.057,-769.637,20206.461,819.031,1060.636,1188.383,60.632,1089.615,322329.232
2004-10-01,155903.778,7270.965,50715.801,285.772,62530.352,-703.186,18564.343,821.072,1072.483,1276.349,33.521,1028.873,299475.998
2004-11-01,155766.731,6427.659,43152.602,305.557,58940.863,-664.846,20580.649,784.625,1075.963,1212.013,15.342,932.203,289207.933
2004-12-01,174942.182,9400.145,44206.362,290.024,68616.627,-649.768,25797.379,916.965,1100.714,1256.009,7.758,1172.009,327774.834
2005-01-01,175247.522,11527.956,44878.568,302.052,69828.239,-725.387,23922.186,896.123,1069.189,1252.144,8.668,1131.569,329895.647
2005-02-01,154168.211,6845.047,38991.53,300.455,60946.934,-345.608,21331.317,835.301,946.057,1063.014,13.082,966.482,286565.978
2005-03-01,161863.022,7872.84,45469.895,378.351,61538.53,-496.889,22632.35,906.814,1080.622,1204.252,38.157,1560.626,304624.161
2005-04-01,141460.358,6485.738,45942.591,328.152,55484.01,-337.538,22771.14,716.688,1040.87,1187.134,58.263,1697.504,277402.053
2005-05-01,152345.331,6322.758,48412.051,327.788,62970.464,-466.254,27003.462,787.425,1144.72,1264.308,81.153,1746.43,302523.265
2005-06-01,173147.214,10359.585,68531.965,300.763,66144.275,-414.615,26480.081,857.679,1118.968,1248.056,88.476,1796.924,350246.49
2005-07-01,184212.948,12490.993,88976.827,298.774,71070.011,-624.662,25662.08,980.03,1168.419,1272.697,72.329,1420.942,387629.704
2005-08-01,185729.956,14027.617,92876.74,288.917,71381.55,-623.097,21342.963,995.073,1138.054,1253.785,75.845,1138.032,390257.782
2005-09-01,169922.065,11857.298,67093.384,290.055,66738.979,-680.144,17143.174,918.48,1074.053,1222.659,61.108,1468.347,337681.474
2005-10-01,160731.395,9728.024,50865.467,311.686,61235.597,-611.21,17781.249,858.296,1020.758,1247.204,37.665,1446.19,305200.52
2005-11-01,157091.052,6445.689,43987.558,304.693,62912.709,-554.21,19124.366,861.102,1095.724,1219.61,12.755,1609.691,294691.132
2005-12-01,176134.804,12518.307,47802.35,345.469,71735.067,-678.175,21845.408,956.876,1133.649,1256.88,2.793,1827.814,335473.688
2006-01-01,167478.176,5689.891,36949.147,343.103,71911.532,-532.829,27067.062,924.575,1192.601,1229.567,12.935,2382.633,315253.774
2006-02-01,157015.046,4525.106,41293.567,302.383,62615.654,-446.518,24469.271,862.242,1094.457,1110.817,19.533,1921.958,295332.874
2006-03-01,159588.963,3622.57,48452.683,348.749,63720.849,-435.173,24402.03,898.876,1186.85,1261.29,33.404,2358.632,306041.06
2006-04-01,139729.958,4348.614,50049.901,343.651,57567.204,-587.331,28360.99,685.351,1053.356,1129.089,52.074,2471.762,285788.326
2006-05-01,155290.028,4075.0,58634.869,414.466,62775.701,-444.378,30627.686,759.437,1170.82,1095.602,70.735,2458.683,317522.038
2006-06-01,167906.785,5427.764,74183.973,374.524,68391.472,-423.163,29571.103,841.141,1154.57,1199.177,69.702,2051.766,351360.363
2006-07-01,185951.209,6648.414,100468.983,378.48,72186.494,-637.767,25216.498,919.135,1216.424,1261.352,61.656,1955.064,396262.703
2006-08-01,187576.335,7970.018,98905.403,411.917,72016.095,-694.881,21545.687,975.727,1209.891,1288.959,82.993,1655.187,393588.836
2006-09-01,159899.187,4289.518,65915.722,334.578,66642.327,-628.94,16996.491,870.789,1134.446,1219.458,53.99,1879.144,319180.626
2006-10-01,159674.126,4595.537,63532.326,330.61,57509.306,-506.995,16773.581,850.077,1150.172,1275.227,32.283,2442.13,308218.134
2006-11-01,157817.29,4393.661,46949.934,331.083,61392.321,-552.544,19903.375,852.275,1173.183,1207.438,15.686,2540.489,296571.461
2006-12-01,171810.042,4122.143,49080.366,339.983,70489.681,-667.323,21320.148,901.857,1190.661,1290.052,2.713,2471.69,322956.851
2007-01-01,174252.799,5573.683,53808.57,375.015,74006.184,-571.563,25853.423,1144.975,1184.001,1295.617,12.842,2452.315,339968.334
2007-02-01,162199.173,8427.406,51626.42,312.291,65224.794,-446.964,18419.99,844.965,1037.379,1122.49,19.244,2519.793,311810.434
2007-03-01,158273.044,4988.035,50025.564,344.549,64305.153,-458.17,23969.348,838.875,1181.665,1204.13,48.488,3047.092,308330.666
2007-04-01,144798.894,4673.213,54126.274,314.896,57301.424,-373.845,23694.39,727.135,1081.385,1157.975,54.464,3171.703,291254.202
2007-05-01,155991.34,4474.645,59991.154,315.916,65024.555,-546.955,25867.369,792.926,1164.936,1154.708,84.192,2952.341,317825.644
2007-06-01,171993.816,5417.058,74887.707,330.828,68923.074,-522.707,22690.273,887.723,1209.221,1238.178,84.458,2620.416,350338.575
2007-07-01,183483.472,5141.653,90156.891,338.932,72738.535,-594.694,22387.101,938.727,1248.217,1250.382,85.793,2158.372,379914.11
2007-08-01,188516.118,6815.204,113394.841,340.802,72750.91,-650.678,19864.682,962.285,1253.263,1254.578,75.163,2699.365,407865.177
2007-09-01,167888.405,4650.261,81510.923,321.515,67578.578,-743.432,14665.919,905.698,1219.704,1217.726,68.212,2866.722,342712.535
2007-10-01,160696.139,4446.107,71320.587,378.881,61689.542,-760.235,14696.096,868.053,1227.616,1264.546,49.233,3376.54,319829.8
2007-11-01,157935.6,2835.109,54031.424,331.722,64899.278,-661.727,15554.257,881.84,1225.121,1210.973,24.302,3095.036,301907.425
2007-12-01,172361.497,3863.941,59871.551,336.784,71982.726,-565.382,18179.868,918.085,1261.796,1265.909,5.402,3490.232,333586.346
2008-01-01,181336.696,4145.073,65196.676,293.022,70734.57,-745.514,20611.016,959.886,1228.848,1208.838,16.288,4273.185,349836.222
2008-02-01,165343.004,3376.785,53459.813,247.146,65130.385,-451.129,18626.748,872.198,1168.911,1086.683,35.838,3851.749,313291.799
2008-03-01,159283.729,2855.927,55499.442,274.09,64716.468,-552.974,21484.681,884.995,1285.34,1250.801,74.593,4782.02,312409.957
2008-04-01,145586.621,3141.496,56765.074,280.431,57332.716,-131.7,22050.355,754.395,1301.5,1218.121,94.132,5225.282,294202.549
2008-05-01,153472.66,3154.704,55664.508,312.022,64825.901,-586.857,27045.787,752.642,1282.856,1258.915,98.735,5340.284,313215.568
2008-06-01,169600.094,4676.269,77684.894,324.926,70319.366,-371.618,29043.352,883.452,1308.642,1260.302,128.152,5140.376,360611.979
2008-07-01,185208.307,3904.348,92534.204,342.352,74318.27,-799.08,25428.544,987.689,1384.095,1278.754,110.868,4008.401,389317.581
2008-08-01,179081.504,3553.728,92025.284,315.727,72617.066,-647.864,21111.171,982.5,1324.935,1272.715,105.272,3264.406,375611.66
2008-09-01,159933.077,3888.301,73270.237,192.972,67053.867,-517.254,16080.543,894.18,1246.066,1233.687,92.588,3111.452,327021.476
2008-10-01,150463.61,3030.362,66623.548,221.199,62820.353,-496.943,15371.753,801.727,1286.443,1276.855,60.238,4756.401,306769.102
2008-11-01,153016.19,3104.537,55481.553,171.812,63408.145,-489.183,15545.903,910.693,1253.203,1233.292,28.845,4993.646,299221.881
2008-12-01,166512.092,4049.69,58166.278,224.004,72931.328,-497.946,20695.686,953.304,1307.881,1261.013,18.686,6615.899,332839.162
2009-01-01,170625.513,5735.916,59968.604,219.738,74102.489,-501.48,23316.494,989.683,1256.06,1288.81,7.19,5950.812,343516.097
2009-02-01,139742.743,2998.896,56163.926,212.652,64227.211,-413.424,17662.097,902.583,1178.422,1167.779,30.442,5852.151,290220.812
2009-03-01,134313.758,3076.896,61836.789,239.753,67240.567,-314.985,21623.957,862.381,1343.15,1300.335,78.103,7099.043,299257.154
2009-04-01,124802.774,2557.206,55300.721,231.11,59408.407,-272.198,25570.066,721.423,1334.147,1222.104,99.411,7457.674,278993.974
2009-05-01,130526.754,2964.667,62125.224,233.621,65395.452,-348.823,29364.088,749.064,1322.9,1235.186,110.419,6261.944,300495.722
2009-06-01,146844.98,2993.508,77591.126,252.839,69734.736,-226.41,29055.461,927.844,1357.896,1208.799,103.407,5599.407,336010.537
2009-07-01,156943.112,3110.772,94487.312,288.219,72948.979,-491.31,23242.949,976.451,1417.205,1255.4,121.182,4954.93,359841.651
2009-08-01,161916.545,3390.51,101635.828,277.981,72244.597,-612.532,19443.567,1021.358,1395.229,1251.219,116.285,5464.46,368138.717
2009-09-01,135949.798,2606.674,84942.066,297.752,65751.794,-348.039,17262.643,891.407,1301.313,1216.783,94.99,4650.692,315162.77
2009-10-01,138667.06,2339.805,65852.375,279.764,58020.927,-385.127,19552.09,825.045,1314.946,1221.079,68.098,6813.608,295092.539
2009-11-01,135643.906,1846.265,56734.611,255.736,59069.208,-329.53,20864.873,866.176,1345.062,1273.265,40.401,6875.162,285011.875
2009-12-01,165146.083,2189.912,64367.07,268.641,70710.218,-383.487,24547.608,1004.498,1387.515,1367.9,21.208,6906.041,338095.449
2010-01-01,171660.23,4110.642,66846.916,275.419,72569.341,-564.946,22207.396,1010.895,1294.079,1311.84,9.838,6853.068,348128.123
2010-02-01,151461.095,2165.584,59555.87,247.282,65245.37,-350.643,20421.122,926.439,1206.59,1159.038,32.766,5430.995,307993.573
2010-03-01,142664.919,2299.006,56491.681,274.753,64634.721,-324.588,20690.727,939.278,1391.002,1306.596,75.858,8587.545,299570.778
2010-04-01,125614.64,2108.936,58123.504,272.972,57611.073,-335.277,18898.49,836.766,1334.212,1240.251,112.093,9762.845,276121.274
2010-05-01,141669.249,2801.33,66862.133,279.118,66658.365,-440.745,24903.212,829.926,1359.219,1310.548,152.91,8696.024,315655.68
2010-06-01,163912.106,3792.107,85033.288,264.579,68301.322,-471.738,29710.671,954.839,1409.413,1263.676,175.107,8047.996,362984.971
2010-07-01,177777.932,4199.306,106960.747,267.156,71913.468,-557.093,24405.175,1060.589,1419.061,1273.616,160.517,6722.928,396195.408
2010-08-01,175848.474,3375.316,112960.941,248.971,71574.103,-600.278,20019.365,1074.386,1412.837,1296.912,155.55,6684.777,394650.743
2010-09-01,147157.217,2608.186,85497.765,240.392,69371.195,-421.284,17187.552,973.715,1364.429,1252.569,136.867,7104.319,333057.44
2010-10-01,130662.656,2037.048,70876.258,170.251,62750.833,-437.7,17561.478,886.688,1330.059,1222.0,74.937,7942.198,295646.044
2010-11-01,133815.364,1879.483,62305.479,218.91,62655.206,-466.993,19425.593,933.898,1412.355,1252.33,76.341,9745.848,293833.369
2010-12-01,165493.662,3301.781,69874.833,207.676,73683.304,-529.847,23024.143,1018.366,1443.03,1329.837,42.83,9057.633,348548.635
2011-01-01,169390.428,3229.362,66932.337,242.87,72742.813,-659.194,25386.279,980.674,1247.065,1346.945,37.317,8547.185,350000.667
2011-02-01,137082.332,2255.24,59379.823,207.305,64789.078,-412.649,23969.663,885.825,1179.944,1215.006,80.875,10447.502,301631.878
2011-03-01,133583.554,2525.729,59361.715,251.557,65661.598,-348.692,30944.533,897.456,1298.874,1337.484,116.353,10540.223,306808.038
2011-04-01,123271.719,2257.015,63256.726,243.614,54547.338,-465.589,31007.715,705.119,1250.993,1239.063,155.268,12416.544,290519.298
2011-05-01,135820.363,2218.093,68174.639,241.533,57012.914,-416.908,32386.101,759.88,1295.63,1317.548,180.639,11767.314,311402.504
2011-06-01,156716.15,2438.455,83426.133,259.168,65270.134,-567.088,31998.723,935.771,1364.62,1214.562,210.369,10980.752,354928.705
2011-07-01,175129.232,3005.887,111502.21,262.145,72344.85,-707.662,31173.148,1047.808,1413.456,1269.04,180.582,7485.665,404801.734
2011-08-01,169798.386,2449.307,111539.534,264.029,71338.566,-692.329,25665.968,1038.275,1407.162,1274.632,217.653,7470.655,392441.199
2011-09-01,139648.363,2271.616,84299.595,252.309,66848.854,-583.392,21254.039,916.361,1319.042,1225.547,177.315,6865.5,325112.596
2011-10-01,125441.682,1894.066,71962.168,240.409,63336.97,-600.542,19659.526,807.071,1354.498,1280.628,151.2,10519.093,296675.513
2011-11-01,120322.853,1632.438,68262.278,227.475,64473.88,-457.754,20532.639,799.611,1402.9,1271.218,103.049,12431.199,291639.368
2011-12-01,131685.671,2024.952,78193.218,246.711,71837.372,-508.719,23552.188,958.769,1455.315,1324.395,116.662,10649.244,322224.71
2012-01-01,127873.502,2132.045,83122.265,262.924,72381.186,-348.465,22829.523,971.403,1353.208,1263.252,91.177,13622.778,326184.96
2012-02-01,112773.619,1672.215,83307.869,255.979,63847.023,-236.66,20041.442,912.18,1249.817,1193.33,129.102,11045.193,296790.34
2012-03-01,104410.422,1303.795,85000.984,261.003,61728.613,-280.701,25670.263,892.487,1353.415,1285.149,221.34,14020.132,296496.886
2012-04-01,95284.3,1286.539,87748.036,254.327,55870.931,-265.273,26114.64,715.886,1317.052,1248.299,304.907,12701.758,283182.897
2012-05-01,114929.688,1526.709,99625.294,244.059,62081.445,-370.778,28426.285,813.215,1386.075,1303.996,445.155,12534.813,323597.778
2012-06-01,130147.235,1840.186,107684.977,253.147,65140.085,-506.741,26480.79,934.635,1369.095,1277.48,507.994,11966.789,347759.172
2012-07-01,159177.892,2086.635,130133.133,265.669,69129.329,-618.974,26351.645,1046.939,1443.845,1320.648,491.553,8819.351,400316.126
2012-08-01,150940.993,1820.809,123159.522,266.105,69602.111,-528.912,22879.771,1059.636,1432.179,1303.839,444.966,8465.705,381493.818
2012-09-01,124495.93,1595.358,100267.03,231.716,64510.882,-430.544,17443.165,948.934,1362.195,1299.983,438.986,8785.371,321586.496
2012-10-01,119952.488,1555.923,84207.048,224.996,59743.218,-378.213,16307.171,875.631,1422.178,1329.149,415.015,12628.612,298906.291
2012-11-01,127647.76,1514.53,72601.394,211.251,56712.757,-408.968,18518.691,911.16,1388.566,1347.052,335.154,11642.216,293047.147
2012-12-01,132923.026,1737.013,75933.53,253.195,68583.669,-576.268,22796.109,968.257,1477.733,1390.249,338.691,14516,320995.993
2013-01-01,136952.224,2501.174,80389.223,384.801,71405.817,-464.948,24501.076,1011.514,1379.76,1381.88,299.864,14729.376,335061.733
2013-02-01,122483.696,1817.759,72969.846,324.65,61483.385,-319.58,20051.157,891.043,1231.486,1236.235,416.872,14068.169,297198.48
2013-03-01,129469.24,1779.261,76764.98,318.032,62947.389,-462.214,20227.724,987.493,1446.233,1378.216,596.287,15747.704,311827.945
2013-04-01,110786.244,1668.736,70626.388,322.021,56766.882,-292.192,24842.499,776.113,1357.199,1274.158,639.869,17468.26,286806.613
2013-05-01,118379.725,2148.6,76243.906,367.403,62848.155,-334.035,28117.624,917.881,1452.128,1307.711,723.667,16229.626,309027.663
2013-06-01,137160.145,2098.348,91671.51,348.538,66429.69,-358.223,27051.113,993.19,1403.504,1278.254,839.25,13741.551,343286.221
2013-07-01,151653.145,2553.012,111958.904,380.894,70539.238,-340.468,26929.155,1092.573,1450.307,1336.882,799.39,11088.176,380108.233
2013-08-01,148288.398,2196.618,112603.19,376.359,71344.379,-464.51,21389.403,1201.893,1494.35,1322.436,913.539,9629.477,370943.02
2013-09-01,132046.768,1971.739,94193.41,372.785,65798.971,-438.55,16719.154,1088.986,1391.266,1299.3,916.882,11667.873,327638.094
2013-10-01,119942.622,1808.588,80871.842,404.629,63183.533,-372.598,16957.971,1040.149,1392.628,1363.499,954.478,13626.692,301782.239
2013-11-01,119857.61,1695.943,76366.521,366.519,64975.456,-413.042,17468.531,1108.319,1432.796,1230.481,798.631,15789.997,301287.326
2013-12-01,140702.679,2269.884,84289.053,355.614,71293.578,-420.673,20803.04,1193.339,1486.327,1365.619,825.754,13954.808,338747.758
2014-01-01,155916.303,6784.053,82970.663,266.09,73162.609,-289.685,21510.051,1272.916,1490.44,1355.016,734.035,17894.628,363642.069
2014-02-01,142217.613,2577.787,68732.527,210.834,62638.95,-445.152,17288.943,1149.933,1384.642,1206.13,813.912,13996.556,312274.401
2014-03-01,135290.235,2998.752,70520.709,214.779,62397.08,-421.403,24138.771,1291.08,1514.03,1337.666,1286.46,17722.091,318911.995
2014-04-01,108278.679,1583.358,69586.315,230.624,56384.588,-378.109,25309.511,1039.605,1466.149,1313.535,1452.902,18621.253,285450.771
2014-05-01,117738.378,1870.214,81645.977,282.722,62947.43,-600.752,26410.381,1006.68,1519.914,1332.361,1710.134,15590.568,312066.589
2014-06-01,136469.816,1845.144,90904.412,257.422,68138.232,-653.046,25640.481,1316.899,1490.824,1293.375,1882.789,15786.207,344984.47
2014-07-01,148472.187,1867.476,106697.697,282.972,71940.126,-544.656,24264.937,1374.42,1574.071,1319.572,1748.222,12176.417,371813.248
2014-08-01,147328.991,1872.887,113911.375,315.163,71128.746,-840.357,19708.479,1371.635,1525.563,1329.209,1838.701,10162.132,370299.617
2014-09-01,125061.692,1777.295,98692.253,298.07,67534.5,-541.876,15985.802,1287.625,1438.709,1307.519,1795.427,11509.814,326752.16
2014-10-01,110322.186,1367.937,90055.094,334.352,62390.988,-447.609,17063.468,1238.377,1392.559,1345.091,1679.931,14492.259,301842.833
2014-11-01,118117.548,1576.886,76712.963,301.603,65140.185,-531.042,18523.868,1330.701,1372.826,1362.469,1350.916,18847.512,304734.356
2014-12-01,123560.732,1921.1,82768.5,363.469,73362.548,-479.861,22201.519,1346.807,1431.863,1374.999,1010.708,14696.468,324188.9
2015-01-01,131430.696,2788.886,93453.197,394.292,74269.974,-551.05,24014.015,1307.112,1410.644,1361.915,1134.15,15146.256,346755.478
2015-02-01,126023.568,6073.587,84331.933,328.736,63461.493,-456.06,22178.869,1233.983,1260.97,1260.099,1459.34,14907.638,322592.757
2015-03-01,107471.004,1644.007,92237.76,326.756,64546.799,-409.305,24147.991,1227.271,1393.227,1393.994,2037.34,15292.972,311862.183
2015-04-01,88146.966,1570.169,85877.214,289.745,59784.495,-214.411,22330.535,1024.835,1401.609,1272.428,2337.816,17850.459,282241.116
2015-05-01,103671.569,1793.702,94232.304,338.099,65826.525,-370.209,19995.428,1092.983,1482.5,1390.151,2456.089,17136.383,309654.321
2015-06-01,124677.117,1722.848,113480.163,298.568,68516.165,-397.811,20296.62,1243.807,1473.026,1301.608,2512.027,13409.566,349151.201
2015-07-01,138060.486,2185.419,132388.054,310.544,71412.176,-513.417,20895.901,1365.133,1638.754,1356.727,2579.471,13665.556,386005.177
2015-08-01,133651.285,2013.18,130446.299,331.483,72415.352,-625.878,19029.518,1409.59,1586.632,1344.143,2639.368,13070.169,377981.854
2015-09-01,117005.407,1898.749,114866.567,330.87,66476.372,-544.042,16015.092,1200.871,1481.05,1202.861,2177.75,13960.95,336686.193
2015-10-01,95871.51,1657.165,102126.487,228.594,60570.921,-443.327,16513.242,1046.536,1509.109,1323.032,1875.397,16363.531,299266.875
2015-11-01,86361.96,1582.663,94264.884,234.142,60263.941,-285.276,19201.967,1157.127,1564.913,1333.628,1701.544,19663.141,287677.118
2015-12-01,88621.73,1574.777,101137.238,303.604,69633.664,-280.702,23016.515,1253.561,1620.497,1376.988,1545.251,20080.163,310532.277
2016-01-01,112623.96,2217.071,101786.218,344.222,72524.775,-311.758,25463.883,1202.308,1489.982,1332.006,1458.182,18446.884,339194.707
2016-02-01,91909.152,2079.021,90985.45,298.955,65638.141,-398.558,24005.829,1183.137,1424.233,1243.384,2200.546,20118.435,301252.605
2016-03-01,71345.754,1695.209,95891.922,360.086,66148.894,-384.067,27225.645,1134.548,1490.667,1315.159,2570.772,21919.792,291299.529
2016-04-01,71419.13,1745.21,91355.2,317.436,62731.845,-451.878,25734.888,883.207,1501.148,1208.97,2831.115,20780.961,280640.556
2016-05-01,80934.705,1814.272,102570.242,313.311,66576.493,-320.717,25355.411,947.351,1585.054,1341.84,3375.003,18831.99,303961.802
2016-06-01,115196.696,1847.226,123170.614,350.875,67175.324,-497.303,23125.487,1094.369,1515.69,1251.393,3417.726,16289.831,354567.327
2016-07-01,135420.053,2185.718,142720.288,345.505,70349.347,-783.894,21336.667,1242.266,1534.413,1311.215,3886.477,17605.11,397791.13
2016-08-01,134762.429,2210.283,145776.444,331.936,71526.405,-902.068,19458.01,1313.249,1556.512,1324.264,3908.405,13578.829,395489.072
2016-09-01,113346.968,1821.749,117277.447,346.486,65448.176,-715.35,16278.918,1167.903,1474.436,1326.676,3584.179,16390.68,338335.456
2016-10-01,98473.771,1449.616,94754.14,234.492,60733.343,-560.77,17229.362,951.608,1405.602,1353.167,3146.603,20317.941,300067.934
2016-11-01,86275.31,1736.663,85915.779,351.304,65178.776,-606.895,18721.487,1066.23,1577.051,1363.85,2729.406,19387.82,284285.939
2016-12-01,117954.773,1908.434,88140.076,317.825,71662.429,-752.869,22390.337,1233.719,1628.343,1453.884,2388.967,23122.02,332091.162
2017-01-01,114572.021,1928.942,87036.046,349.619,73120.612,-435.366,26479.108,1189.072,1596.239,1406.967,2298.306,20780.025,330940.604
2017-02-01,86157.863,1487.437,75157.082,308.663,63560.371,-507.911,23746.321,1061.066,1423.862,1238.872,2716.998,22071.989,278967.274
2017-03-01,88687.575,1525.781,87042.47,358.322,65093.2,-521.035,29460.347,1216.031,1538.297,1387.185,4464.441,25705.326,306515.346
2017-04-01,80742.742,1191.657,80704.304,300.142,56743.352,-438.729,29234.662,974.667,1451.28,1341.221,4853.397,25354.869,282999.555
2017-05-01,92141.448,1719.05,90048.229,350.978,61312.753,-423.168,32421.49,977.675,1545.884,1301.858,5725.184,23046.882,310750.514
2017-06-01,106825.311,1783.022,108895.224,324.085,67010.782,-567.516,30422.13,1093.14,1515.951,1283.75,6052.164,20124.436,345348.644
2017-07-01,127018.728,1690.536,137938.142,368.719,71314.219,-759.494,26460.2,1239.284,1523.84,1372.704,5509.197,16107.853,390398.541
2017-08-01,118809.977,1608.414,132482.328,359.318,72384.218,-638.234,21923.633,1271.289,1523.519,1362.996,5310.677,13869.312,370893.119
2017-09-01,97560.379,1549.034,110252.164,345.482,68097.918,-606.081,19062.768,1087.665,1428.084,1331.503,5006.581,17896.146,323561.114
2017-10-01,89114.281,1443.536,98868.913,326.504,65994.785,-462.982,17606.438,1083.473,1446.876,1214.124,4606.019,24345.655,306146.485
2017-11-01,90347.26,1554.103,86978.438,352.036,66617.853,-478.107,19757.893,1162.386,1507.679,1304.684,3174.127,22592.338,295451.001
2017-12-01,105860.346,2557.876,102610.193,382.567,73699.572,-655.925,22135.92,1285.544,1582.213,1380.91,3006.449,22179.191,336652.868
2018-01-01,118557.188,6348.033,101617.917,344.196,74649.04,-547.331,24962.02,1320.475,1531.897,1341.307,3287.842,25570.053,359597.848
2018-02-01,81399.063,1450.755,90865.38,336.999,64790.03,-315.144,24793.71,1137.46,1455.156,1274.093,3862.71,23165.02,294796.81
2018-03-01,79982.641,1368.409,98814.966,347.593,67032.656,-489.962,25752.148,1199.898,1533.978,1366.753,5009.114,26435.019,308964.882
2018-04-01,72787.438,1446.247,90914.886,354.112,59133.155,-376.898,27989.979,948.111,1450.111,1187.937,6002.399,26406.191,288809.993
2018-05-01,84633.935,1452.891,107294.188,389.275,67320.248,-390.083,30318.598,1037.627,1455.58,1382.62,6787.724,23931.575,326185.278
2018-06-01,100893.712,1795.019,122431.207,316.182,69687.556,-433.324,27502.186,1168.395,1460.067,1299.835,7347.485,24682.764,358782.59
2018-07-01,114748.806,1783.69,155590.787,358.95,72456.009,-644.469,25002.926,1270.82,1480.133,1369.611,6691.307,16431.642,397180.382
2018-08-01,114516.287,1828.892,152474.765,392.472,72282.467,-747.235,21908.294,1216.854,1482.939,1367.055,6633.551,19830.204,393821.641
2018-09-01,95961.853,1761.577,133291.785,331.718,64724.753,-603.113,19059.726,1044.336,1341.11,1327.908,5910.902,18501.795,343216.571
2018-10-01,86736.177,1472.56,114670.89,254.326,59396.905,-492.202,19426.42,989.055,1465.078,1273.09,4926.267,21169.635,311887.94
2018-11-01,92257.715,1564.905,99516.327,311.035,63954.37,-342.707,21780.771,1030.032,1453.472,1330.844,3711.003,21991.019,309159.836
2018-12-01,99698.196,1655.497,101049.353,349.207,71657.288,-522.071,22650.886,1021.682,1513.703,1412.639,3082.523,24281.509,328473.165
2019-01-01,100294.41,2104.262,112363.224,360.177,73700.844,-323.009,24657.852,1140.514,1411.708,1347.89,3546.079,24273.044,345543.295
2019-02-01,79381.749,1419.914,104204.572,350.557,64714.894,-388.719,22772.0,947.178,1265.538,1251.935,3797.608,22598.256,302890.021
2019-03-01,77819.349,1307.055,107370.43,383.286,65079.691,-408.942,26207.665,938.809,1364.272,1378.337,5841.272,25745.925,313631.168
2019-04-01,59426.201,1089.439,96150.591,328.515,60580.927,-103.221,27695.002,769.206,1276.398,1227.05,6690.181,28887.737,284598.572
2019-05-01,71387.602,1596.676,108682.655,324.375,67123.546,-368.281,31856.524,964.613,1346.647,1304.446,7095.402,25756.67,317735.342
2019-06-01,78042.789,1434.679,129180.865,328.9,68804.879,-385.296,27964.864,974.926,1346.06,1294.328,7898.103,22426.099,339959.894
2019-07-01,100224.713,1652.332,162576.443,372.434,72198.595,-622.347,24787.96,1151.162,1382.584,1341.967,8053.101,22084.404,395874.057
2019-08-01,93516.602,1636.331,165442.361,377.248,71910.684,-579.012,22504.343,1171.865,1393.211,1362.412,7802.732,19963.513,387206.211
2019-09-01,85215.957,1416.527,140723.633,341.987,66063.58,-671.214,18461.39,1045.417,1303.026,1338.093,6753.72,24494.217,347135.594
2019-10-01,66311.208,1056.426,122099.788,189.449,62032.622,-372.614,18232.08,899.109,1334.189,1102.884,6040.178,27598.531,307164.393
2019-11-01,75046.174,1145.774,108731.266,325.818,64125.425,-508.775,20138.658,957.154,1287.738,941.384,4322.962,25159.643,302300.907
2019-12-01,72065.24,1360.738,122332.063,353.92,73073.575,-529.314,21373.703,1060.439,1379.958,1140.239,3423.407,26615.985,324308.076
2020-01-01,64563.949,1453.789,126424.082,356.779,74169.646,-376.791,24378.467,1053.563,1394.732,1112.141,4422.906,28097.184,327710.177
2020-02-01,55665.122,1198.389,119194.573,367.674,65910.574,-246.677,25741.441,964.068,1272.84,1189.155,5518.441,29085.602,306455.598
2020-03-01,50230.396,1317.688,117341.365,292.447,63997.21,-353.064,23683.213,938.422,1390.757,1422.064,6297.17,29294.105,296522.423
2020-04-01,40233.844,1161.37,102644.432,171.512,59170.016,-325.03,23066.096,766.23,1318.163,1339.527,7858.371,29726.316,267767.45
2020-05-01,46090.293,1225.93,109161.092,179.376,64337.97,-366.733,29851.186,838.325,1345.274,1323.591,9575.529,28354.006,292546.318
2020-06-01,64863.444,1538.618,134461.83,156.871,67205.083,-498.931,27904.506,855.525,1230.944,1240.488,9575.61,30137.789,339249.46
2020-07-01,89245.923,1666.914,172279.215,182.108,69385.44,-685.626,26657.363,1008.822,1301.18,1300.863,10527.688,22787.481,396311.275
2020-08-01,90695.63,1594.435,164328.253,316.364,68982.187,-783.638,23203.465,1097.282,1321.507,1292.762,9245.838,22962.044,384922.088
2020-09-01,67924.857,1115.906,133019.291,295.411,65727.317,-524.729,18610.585,905.995,1259.286,1254.301,7672.88,23101.733,320968.149
2020-10-01,59338.811,1138.648,123259.633,212.936,59362.465,-423.243,18743.35,838.122,1252.008,1249.149,7034.284,28716.803,301330.994
2020-11-01,60748.457,1323.22,101611.176,296.102,61759.977,-369.222,20810.551,940.614,1221.581,1357.964,5724.592,33010.523,289046.098
2020-12-01,78100.861,1598.523,118574.138,346.767,69870.978,-367.521,21409.094,1004.436,1317.003,1358.75,5058.137,31879.335,330826.424
2021-01-01,80764.683,1553.324,117191.186,336.552,71732.463,-424.346,24448.921,1078.127,1331.44,1302.825,5523.094,30038.049,335507.566
2021-02-01,87026.808,2146.257,103854.689,195.216,62954.16,-425.07,20052.882,1028.263,1173.419,1247.835,6293.261,26693.027,312790.467
2021-03-01,61446.816,1356.959,99285.067,196.822,63708.238,-235.581,21094.884,982.276,1314.425,1224.66,9232.89,39173.066,299399.548
2021-04-01,53538.657,1155.604,99825.811,269.66,57092.024,-197.219,19278.212,780.524,1217.214,1250.441,10817.883,36131.132,281724.75
2021-05-01,63416.494,1292.085,106668.886,288.595,63394.115,-416.186,23201.466,920.898,1270.442,1283.513,12377.126,33764.24,308036.073
2021-06-01,86786.684,1323.944,140551.949,321.298,66070.373,-375.57,23370.081,1041.653,1240.578,1236.989,12119.2,26651.512,360918.67
2021-07-01,101057.876,1499.044,160592.542,311.704,68831.593,-684.75,21998.534,1141.726,1249.444,1311.352,12113.689,21701.575,391705.031
2021-08-01,101382.839,1877.776,163213.207,330.903,69471.331,-669.751,20237.112,1157.284,1223.485,1295.492,11890.463,27054.356,399043.408
2021-09-01,78387.802,1530.428,129872.438,298.665,64520.031,-433.843,16928.291,964.343,1195.26,1300.421,11144.456,28975.374,335240.313
2021-10-01,62124.1,1481.14,123315.877,342.64,58401.112,-426.772,17039.287,862.585,1199.792,1270.55,9210.802,32191.492,307591.171
2021-11-01,56941.648,1600.228,113712.438,179.926,62749.318,-377.48,19272.142,914.305,1140.72,1321.621,7746.16,35723.278,301458.255
2021-12-01,59565.573,1491.57,118519.298,232.126,70719.837,-445.116,23469.164,1024.747,1277.977,1427.725,6054.274,39820.225,323766.035
2022-01-01,87114.373,3563.578,125609.214,291.612,70576.875,-493.31,24096.581,1041.561,1031.621,1470.141,7772.494,37386.19,359855.438
2022-02-01,70537.894,1651.438,106942.345,251.264,61852.177,-412.258,21216.449,1019.17,946.665,1242.884,8969.085,37613.495,312157.749
2022-03-01,60541.362,1381.309,103940.804,270.395,63153.701,-317.508,24301.512,963.676,1032.126,1286.337,11617.598,42997.261,311529.674
2022-04-01,54914.722,1200.211,97597.024,291.335,55289.54,-265.226,19943.023,824.788,951.963,1282.079,13311.772,46133.905,291814.091
2022-05-01,62060.548,1348.607,118690.307,365.214,63381.624,-466.746,23248.312,929.205,973.424,1327.051,15021.638,42096.179,329317.096
2022-06-01,72986.044,1497.633,146880.797,280.656,65715.42,-589.065,25897.306,1036.899,994.427,1276.39,15945.553,33746.467,366017.544
2022-07-01,85936.298,1447.754,179568.744,342.153,68856.919,-768.422,24488.692,1169.688,1017.925,1341.477,15661.896,29458.452,408873.591
2022-08-01,84733.372,1500.231,179279.036,276.876,68896.917,-639.609,21050.003,1157.125,990.134,1354.01,14402.602,24705.86,398040.64
2022-09-01,64563.982,1510.023,148410.176,306.342,63733.186,-597.956,16947.658,992.294,948.724,1329.384,13198.956,27315.217,338965.941
2022-10-01,53804.785,1480.511,125017.154,276.083,58945.383,-434.352,14300.59,870.439,972.809,1298.472,11865.484,32720.743,301419.018
2022-11-01,55977.671,1392.237,118778.261,235.622,62041.287,-495.12,17818.459,939.685,926.842,1396.719,8344.957,41167.558,308815.445
2022-12-01,72925.467,3853.023,131973.109,263.634,69094.147,-548.286,20317.918,1057.306,952.695,1481.984,6734.849,38652.913,347081.31
2023-01-01,60915.284,1303.178,129672.605,285.373,70870.08,-620.471,22640.159,994.222,976.014,1420.005,7762.528,38334.517,334883.725
2023-02-01,45994.623,1534.64,116731.953,237.578,60806.857,-455.809,19849.112,845.095,880.703,1301.543,9378.576,41395.808,298769.145
2023-03-01,49732.761,1152.478,124829.104,280.219,62820.443,-519.018,21197.549,859.433,933.33,1441.86,12137.6,43554.663,318695.509
2023-04-01,39877.326,1108.508,112300.657,201.634,56662.458,-289.849,19702.618,675.452,855.533,1355.521,14960.511,42718.221,290387.266
2023-05-01,43427.062,1152.539,128916.606,308.452,61155.193,-459.1,27540.728,839.402,963.236,1345.291,17174.973,32205.92,314885.125
2023-06-01,57400.233,1207.781,152766.179,272.863,64819.195,-551.309,21484.449,875.406,931.97,1293.384,17732.573,27532.476,346069.868
2023-07-01,78504.151,1546.088,189664.516,305.074,69887.588,-656.332,21885.324,989.429,953.715,1296.089,18788.003,27995.712,411451.101
2023-08-01,77734.041,1544.215,189336.27,332.705,69744.023,-652.994,21212.53,1008.68,960.787,1266.944,17648.154,28381.334,408815.766
2023-09-01,59586.006,1426.653,156943.613,289.036,65559.71,-552.65,16851.11,819.045,888.529,1314.594,15499.712,28341.661,347210.176
2023-10-01,50575.07,1222.433,131867.505,248.792,61435.632,-371.666,15609.494,633.844,928.14,1419.91,14048.866,36000.64,313880.907
2023-11-01,50850.967,1020.442,126466.437,261.548,62257.644,-346.938,16959.649,779.134,917.791,1439.638,10388.047,36422.421,307692.077
2023-12-01,55971.042,1169.415,140360.061,316.497,68854.346,-513.892,18932.702,867.523,1004.506,1472.619,9070.16,38016.185,335800.621
2024-01-01,75274.855,1776.152,150370.556,291.686,69079.735,-412.218,21811.138,966.92,926.511,1420.704,9672.541,34807.683,366249.333
2024-02-01,43689.305,912.495,122321.949,211.387,64583.812,-403.751,19997.486,773.396,842.65,1317.889,12398.875,41424.331,308302.277
2024-03-01,37980.808,917.933,122064.362,194.842,63345.769,-348.762,23205.025,764.006,864.889,1287.913,15700.438,45474.847,311667.129
2024-04-01,37007.952,1098.585,112950.647,230.623,57621.498,-338.148,19282.21,693.139,805.068,1335.118,18941.755,47206.886,297012.752
2024-05-01,45560.187,1127.233,135082.144,192.123,64972.965,-292.231,22505.987,848.591,902.985,1245.278,21987.279,38565.039,332971.205
2024-06-01,61016.871,1246.898,160990.889,285.763,68192.147,-586.137,21065.744,862.708,884.326,1270.048,24058.635,38037.673,377519.186
2024-07-01,71273.951,1379.974,198572.543,250.594,69885.242,-649.118,21093.154,852.02,935.639,1326.358,23984.796,27892.341,417004.769
2024-08-01,68435.309,1399.485,193472.884,216.725,69760.288,-812.166,21257.288,868.363,941.687,1312.689,23830.878,28678.711,409567.938
2024-09-01,54157.906,1079.994,160627.123,249.533,62660.468,-653.819,16577.952,758.71,902.614,1272.163,19989.462,28893.512,346700.164
