Month,Wood Energy Production,Biofuels Production,Biomass Energy Production,"Renewable Energy Production, Fossil Fuel Equivalent","Conventional Hydro Energy Consumption, Fossil Fuel Equivalent","Geothermal Energy Consumption, Fossil Fuel Equivalent","Solar Energy Consumption, Fossil Fuel Equivalent","Wind Energy Consumption, Fossil Fuel Equivalent",Wood Energy Consumption,Waste Energy Consumption,Biofuels Consumption,Biomass Energy Consumption,"Renewable Energy Consumption, Fossil Fuel Equivalent"
1973-01-01,129.63,Not Available,129.787,403.981,272.703,1.491,Not Available,Not Available,129.63,0.157,Not Available,129.787,403.981
1973-02-01,117.194,Not Available,117.338,360.9,242.199,1.363,Not Available,Not Available,117.194,0.144,Not Available,117.338,360.9
1973-03-01,129.763,Not Available,129.938,400.161,268.81,1.412,Not Available,Not Available,129.763,0.176,Not Available,129.938,400.161
1973-04-01,125.462,Not Available,125.636,380.47,253.185,1.649,Not Available,Not Available,125.462,0.174,Not Available,125.636,380.47
1973-05-01,129.624,Not Available,129.834,392.141,260.77,1.537,Not Available,Not Available,129.624,0.21,Not Available,129.834,392.141
1973-06-01,125.435,Not Available,125.611,377.232,249.859,1.763,Not Available,Not Available,125.435,0.176,Not Available,125.611,377.232
1973-07-01,129.616,Not Available,129.787,367.325,235.67,1.869,Not Available,Not Available,129.616,0.17,Not Available,129.787,367.325
1973-08-01,129.734,Not Available,129.918,353.757,222.077,1.762,Not Available,Not Available,129.734,0.184,Not Available,129.918,353.757
1973-09-01,125.603,Not Available,125.782,307.006,179.733,1.492,Not Available,Not Available,125.603,0.178,Not Available,125.782,307.006
1973-10-01,129.769,Not Available,129.97,323.453,191.723,1.76,Not Available,Not Available,129.769,0.2,Not Available,129.97,323.453
1973-11-01,125.492,Not Available,125.643,337.817,210.285,1.889,Not Available,Not Available,125.492,0.151,Not Available,125.643,337.817
1973-12-01,129.69,Not Available,129.824,406.694,274.435,2.435,Not Available,Not Available,129.69,0.135,Not Available,129.824,406.694
1974-01-01,130.655,Not Available,130.807,437.467,304.506,2.154,Not Available,Not Available,130.655,0.152,Not Available,130.807,437.467
1974-02-01,117.949,Not Available,118.091,399.942,279.95,1.901,Not Available,Not Available,117.949,0.142,Not Available,118.091,399.942
1974-03-01,130.579,Not Available,130.727,423.474,290.582,2.165,Not Available,Not Available,130.579,0.148,Not Available,130.727,423.474
1974-04-01,126.441,Not Available,126.583,422.323,293.702,2.039,Not Available,Not Available,126.441,0.142,Not Available,126.583,422.323
1974-05-01,130.659,Not Available,130.789,427.657,294.828,2.04,Not Available,Not Available,130.659,0.129,Not Available,130.789,427.657
1974-06-01,126.432,Not Available,126.611,409.281,280.695,1.975,Not Available,Not Available,126.432,0.179,Not Available,126.611,409.281
1974-07-01,130.548,Not Available,130.756,409.719,276.772,2.191,Not Available,Not Available,130.548,0.208,Not Available,130.756,409.719
1974-08-01,130.574,Not Available,130.763,386.101,253.175,2.163,Not Available,Not Available,130.574,0.189,Not Available,130.763,386.101
1974-09-01,126.454,Not Available,126.637,353.91,225.274,1.999,Not Available,Not Available,126.454,0.183,Not Available,126.637,353.91
1974-10-01,130.562,Not Available,130.718,343.703,210.955,2.03,Not Available,Not Available,130.562,0.156,Not Available,130.718,343.703
1974-11-01,126.352,Not Available,126.506,351.633,222.713,2.414,Not Available,Not Available,126.352,0.155,Not Available,126.506,351.633
1974-12-01,130.555,Not Available,130.674,376.642,243.428,2.54,Not Available,Not Available,130.555,0.119,Not Available,130.674,376.642
1975-01-01,127.128,Not Available,127.269,392.756,263.371,2.117,Not Available,Not Available,127.128,0.14,Not Available,127.269,392.756
1975-02-01,114.829,Not Available,114.942,368.278,251.317,2.019,Not Available,Not Available,114.829,0.113,Not Available,114.942,368.278
1975-03-01,127.127,Not Available,127.251,423.49,293.961,2.277,Not Available,Not Available,127.127,0.124,Not Available,127.251,423.49
1975-04-01,123.022,Not Available,123.139,405.368,279.947,2.281,Not Available,Not Available,123.022,0.117,Not Available,123.139,405.368
1975-05-01,127.13,Not Available,127.303,421.283,291.504,2.475,Not Available,Not Available,127.13,0.173,Not Available,127.303,421.283
1975-06-01,123.048,Not Available,123.241,411.622,285.31,3.07,Not Available,Not Available,123.048,0.193,Not Available,123.241,411.622
1975-07-01,127.125,Not Available,127.288,398.459,268.081,3.091,Not Available,Not Available,127.125,0.163,Not Available,127.288,398.459
1975-08-01,127.136,Not Available,127.321,368.23,237.557,3.351,Not Available,Not Available,127.136,0.185,Not Available,127.321,368.23
1975-09-01,123.052,Not Available,123.21,341.957,215.793,2.954,Not Available,Not Available,123.052,0.158,Not Available,123.21,341.957
1975-10-01,127.151,Not Available,127.312,368.786,238.068,3.406,Not Available,Not Available,127.151,0.161,Not Available,127.312,368.786
1975-11-01,123.039,Not Available,123.18,383.196,256.706,3.31,Not Available,Not Available,123.039,0.141,Not Available,123.18,383.196
1975-12-01,127.138,Not Available,127.277,403.696,272.99,3.429,Not Available,Not Available,127.138,0.138,Not Available,127.277,403.696
1976-01-01,144.91,Not Available,145.049,421.775,273.323,3.403,Not Available,Not Available,144.91,0.14,Not Available,145.049,421.775
1976-02-01,135.559,Not Available,135.695,396.173,257.277,3.2,Not Available,Not Available,135.559,0.136,Not Available,135.695,396.173
1976-03-01,144.914,Not Available,145.051,427.044,278.567,3.426,Not Available,Not Available,144.914,0.137,Not Available,145.051,427.044
1976-04-01,140.237,Not Available,140.363,396.931,253.482,3.086,Not Available,Not Available,140.237,0.126,Not Available,140.363,396.931
1976-05-01,144.913,Not Available,145.047,415.728,267.732,2.949,Not Available,Not Available,144.913,0.134,Not Available,145.047,415.728
1976-06-01,140.244,Not Available,140.405,411.555,268.088,3.063,Not Available,Not Available,140.244,0.161,Not Available,140.405,411.555
1976-07-01,144.898,Not Available,145.088,421.425,273.026,3.311,Not Available,Not Available,144.898,0.19,Not Available,145.088,421.425
1976-08-01,144.918,Not Available,145.11,398.129,249.759,3.26,Not Available,Not Available,144.918,0.192,Not Available,145.11,398.129
1976-09-01,140.271,Not Available,140.436,356.984,213.376,3.173,Not Available,Not Available,140.271,0.165,Not Available,140.436,356.984
1976-10-01,144.94,Not Available,145.114,369.186,220.99,3.082,Not Available,Not Available,144.94,0.174,Not Available,145.114,369.186
1976-11-01,140.481,Not Available,140.651,351.386,208.138,2.597,Not Available,Not Available,140.481,0.171,Not Available,140.651,351.386
1976-12-01,145.201,Not Available,145.364,360.834,212.507,2.963,Not Available,Not Available,145.201,0.163,Not Available,145.364,360.834
1977-01-01,156.074,Not Available,156.22,378.521,219.069,3.232,Not Available,Not Available,156.074,0.146,Not Available,156.22,378.521
1977-02-01,141.046,Not Available,141.176,304.328,160.329,2.823,Not Available,Not Available,141.046,0.13,Not Available,141.176,304.328
1977-03-01,156.072,Not Available,156.217,368.966,209.549,3.2,Not Available,Not Available,156.072,0.146,Not Available,156.217,368.966
1977-04-01,151.013,Not Available,151.161,351.301,197.287,2.854,Not Available,Not Available,151.013,0.148,Not Available,151.161,351.301
1977-05-01,156.032,Not Available,156.186,356.923,197.656,3.081,Not Available,Not Available,156.032,0.155,Not Available,156.186,356.923
1977-06-01,150.997,Not Available,151.153,336.485,182.303,3.029,Not Available,Not Available,150.997,0.156,Not Available,151.153,336.485
1977-07-01,155.742,Not Available,155.92,336.903,177.779,3.204,Not Available,Not Available,155.742,0.178,Not Available,155.92,336.903
1977-08-01,155.909,Not Available,156.081,335.881,176.863,2.937,Not Available,Not Available,155.909,0.172,Not Available,156.081,335.881
1977-09-01,150.938,Not Available,151.11,328.075,173.821,3.144,Not Available,Not Available,150.938,0.172,Not Available,151.11,328.075
1977-10-01,155.998,Not Available,156.172,341.368,181.908,3.288,Not Available,Not Available,155.998,0.174,Not Available,156.172,341.368
1977-11-01,150.888,Not Available,151.0,370.168,215.864,3.303,Not Available,Not Available,150.888,0.112,Not Available,151.0,370.168
1977-12-01,155.816,Not Available,155.935,400.048,240.826,3.288,Not Available,Not Available,155.816,0.119,Not Available,155.935,400.048
1978-01-01,173.005,Not Available,173.128,438.983,262.529,3.326,Not Available,Not Available,173.005,0.123,Not Available,173.128,438.983
1978-02-01,156.277,Not Available,156.387,391.866,232.625,2.854,Not Available,Not Available,156.277,0.11,Not Available,156.387,391.866
1978-03-01,173.026,Not Available,173.136,433.459,257.965,2.359,Not Available,Not Available,173.026,0.11,Not Available,173.136,433.459
1978-04-01,167.244,Not Available,167.349,434.379,265.041,1.989,Not Available,Not Available,167.244,0.105,Not Available,167.349,434.379
1978-05-01,172.806,Not Available,172.923,475.883,301.188,1.772,Not Available,Not Available,172.806,0.117,Not Available,172.923,475.883
1978-06-01,167.239,Not Available,167.34,432.628,263.109,2.179,Not Available,Not Available,167.239,0.101,Not Available,167.34,432.628
1978-07-01,172.825,Not Available,172.912,431.461,256.107,2.441,Not Available,Not Available,172.825,0.087,Not Available,172.912,431.461
1978-08-01,173.009,Not Available,173.189,408.417,232.357,2.871,Not Available,Not Available,173.009,0.18,Not Available,173.189,408.417
1978-09-01,167.32,Not Available,167.455,392.287,221.801,3.031,Not Available,Not Available,167.32,0.134,Not Available,167.455,392.287
1978-10-01,173.027,Not Available,173.169,379.436,204.012,2.254,Not Available,Not Available,173.027,0.142,Not Available,173.169,379.436
1978-11-01,167.438,Not Available,167.557,379.078,208.974,2.547,Not Available,Not Available,167.438,0.12,Not Available,167.557,379.078
1978-12-01,172.935,Not Available,173.06,407.564,231.275,3.228,Not Available,Not Available,172.935,0.126,Not Available,173.06,407.564
1979-01-01,182.453,Not Available,182.6,447.796,262.096,3.099,Not Available,Not Available,182.453,0.147,Not Available,182.6,447.796
1979-02-01,164.927,Not Available,165.096,390.487,222.855,2.535,Not Available,Not Available,164.927,0.169,Not Available,165.096,390.487
1979-03-01,182.64,Not Available,182.881,457.799,271.516,3.402,Not Available,Not Available,182.64,0.241,Not Available,182.881,457.799
1979-04-01,176.707,Not Available,176.844,445.932,265.941,3.146,Not Available,Not Available,176.707,0.138,Not Available,176.844,445.932
1979-05-01,182.561,Not Available,182.782,489.08,303.134,3.164,Not Available,Not Available,182.561,0.221,Not Available,182.782,489.08
1979-06-01,176.662,Not Available,176.833,441.683,261.646,3.204,Not Available,Not Available,176.662,0.17,Not Available,176.833,441.683
1979-07-01,182.536,Not Available,182.7,424.513,238.414,3.398,Not Available,Not Available,182.536,0.165,Not Available,182.7,424.513
1979-08-01,182.638,Not Available,182.808,409.21,222.695,3.707,Not Available,Not Available,182.638,0.17,Not Available,182.808,409.21
1979-09-01,176.766,Not Available,176.891,378.903,198.794,3.217,Not Available,Not Available,176.766,0.125,Not Available,176.891,378.903
1979-10-01,182.63,Not Available,182.752,397.602,211.243,3.607,Not Available,Not Available,182.63,0.121,Not Available,182.752,397.602
1979-11-01,176.767,Not Available,176.949,414.74,234.286,3.505,Not Available,Not Available,176.767,0.182,Not Available,176.949,414.74
1979-12-01,182.568,Not Available,182.77,425.109,238.063,4.275,Not Available,Not Available,182.568,0.202,Not Available,182.77,425.109
1980-01-01,209.613,Not Available,209.829,478.943,265.618,3.495,Not Available,Not Available,209.613,0.216,Not Available,209.829,478.943
1980-02-01,196.117,Not Available,196.31,424.298,224.631,3.357,Not Available,Not Available,196.117,0.193,Not Available,196.31,424.298
1980-03-01,209.598,Not Available,209.727,469.134,255.676,3.731,Not Available,Not Available,209.598,0.129,Not Available,209.727,469.134
1980-04-01,202.768,Not Available,202.894,477.356,270.552,3.909,Not Available,Not Available,202.768,0.127,Not Available,202.894,477.356
1980-05-01,209.394,Not Available,209.548,517.456,303.305,4.603,Not Available,Not Available,209.394,0.154,Not Available,209.548,517.456
1980-06-01,202.609,Not Available,202.723,497.768,290.604,4.441,Not Available,Not Available,202.609,0.114,Not Available,202.723,497.768
1980-07-01,209.449,Not Available,209.554,471.331,257.106,4.67,Not Available,Not Available,209.449,0.106,Not Available,209.554,471.331
1980-08-01,209.544,Not Available,209.675,429.358,214.693,4.991,Not Available,Not Available,209.544,0.131,Not Available,209.675,429.358
1980-09-01,202.79,Not Available,202.905,401.712,194.301,4.506,Not Available,Not Available,202.79,0.115,Not Available,202.905,401.712
1980-10-01,209.602,Not Available,209.717,402.564,187.73,5.117,Not Available,Not Available,209.602,0.115,Not Available,209.717,402.564
1980-11-01,202.831,Not Available,202.945,409.876,201.929,5.002,Not Available,Not Available,202.831,0.114,Not Available,202.945,409.876
1980-12-01,209.546,Not Available,209.671,448.546,233.998,4.877,Not Available,Not Available,209.546,0.125,Not Available,209.671,448.546
1981-01-01,211.988,1.08,220.544,462.381,236.553,5.284,Not Available,Not Available,211.988,7.476,1.08,220.544,462.381
1981-02-01,191.528,0.976,199.248,427.043,223.123,4.671,Not Available,Not Available,191.528,6.744,0.976,199.248,427.043
1981-03-01,212.042,1.08,220.595,443.808,217.976,5.237,Not Available,Not Available,212.042,7.472,1.08,220.595,443.808
1981-04-01,205.195,1.045,213.467,438.02,219.717,4.836,Not Available,Not Available,205.195,7.226,1.045,213.467,438.02
1981-05-01,211.883,1.08,220.433,480.423,255.2,4.791,Not Available,Not Available,211.883,7.469,1.08,220.433,480.423
1981-06-01,204.976,1.045,213.237,496.995,278.976,4.782,Not Available,Not Available,204.976,7.216,1.045,213.237,496.995
1981-07-01,211.838,1.08,220.392,491.304,265.656,5.256,Not Available,Not Available,211.838,7.473,1.08,220.392,491.304
1981-08-01,211.846,1.08,220.428,454.028,228.409,5.191,Not Available,Not Available,211.846,7.501,1.08,220.428,454.028
1981-09-01,205.148,1.045,213.48,407.22,188.516,5.224,Not Available,Not Available,205.148,7.287,1.045,213.48,407.22
1981-10-01,212.004,1.08,220.581,416.966,191.231,5.153,Not Available,Not Available,212.004,7.497,1.08,220.581,416.966
1981-11-01,205.166,1.045,213.437,418.476,200.541,4.498,Not Available,Not Available,205.166,7.226,1.045,213.437,418.476
1981-12-01,211.948,1.08,220.44,477.024,252.071,4.513,Not Available,Not Available,211.948,7.412,1.08,220.44,477.024
1982-01-01,213.205,2.922,226.251,514.44,284.215,3.975,Not Available,Not Available,213.205,10.124,2.922,226.251,514.44
1982-02-01,192.598,2.639,204.375,489.624,281.593,3.656,Not Available,Not Available,192.598,9.137,2.639,204.375,489.624
1982-03-01,213.132,2.922,226.157,544.724,315.347,3.22,Not Available,Not Available,213.132,10.103,2.922,226.157,544.724
1982-04-01,206.24,2.828,218.821,517.128,295.061,3.247,Not Available,Not Available,206.24,9.753,2.828,218.821,517.128
1982-05-01,213.101,2.922,226.135,525.795,295.887,3.773,Not Available,Not Available,213.101,10.112,2.922,226.135,525.795
1982-06-01,206.255,2.828,218.866,518.974,295.552,4.556,Not Available,Not Available,206.255,9.784,2.828,218.866,518.974
1982-07-01,213.146,2.922,226.202,519.267,288.273,4.792,Not Available,Not Available,213.146,10.135,2.922,226.202,519.267
1982-08-01,213.158,2.922,226.168,483.203,252.259,4.776,Not Available,Not Available,213.158,10.087,2.922,226.168,483.203
1982-09-01,206.364,2.828,218.947,433.748,210.219,4.581,Not Available,Not Available,206.364,9.755,2.828,218.947,433.748
1982-10-01,213.332,2.922,226.373,439.874,208.623,4.877,Not Available,Not Available,213.332,10.119,2.922,226.373,439.874
1982-11-01,206.347,2.828,218.948,469.93,245.861,5.122,Not Available,Not Available,206.347,9.772,2.828,218.948,469.93
1982-12-01,213.17,2.922,226.21,522.93,292.668,4.053,Not Available,Not Available,213.17,10.118,2.922,226.21,522.93
1983-01-01,227.926,5.363,246.575,562.279,310.615,5.087,Not Available,0.002,227.926,13.286,5.363,246.575,562.279
1983-02-01,205.87,4.844,222.738,523.276,296.625,3.913,Not Available,0,205.87,12.023,4.844,222.738,523.276
1983-03-01,227.938,5.363,246.61,572.853,321.73,4.51,Not Available,0.003,227.938,13.309,5.363,246.61,572.853
1983-04-01,220.561,5.19,238.625,561.458,318.603,4.227,Not Available,0.002,220.561,12.875,5.19,238.625,561.458
1983-05-01,227.897,5.363,246.647,581.741,331.656,3.434,Not Available,0.003,227.897,13.387,5.363,246.647,581.741
1983-06-01,220.582,5.19,238.736,569.493,326.237,4.518,Not Available,0.002,220.582,12.964,5.19,238.736,569.493
1983-07-01,227.933,5.363,246.651,550.993,298.715,5.627,Not Available,0.001,227.933,13.354,5.363,246.651,550.993
1983-08-01,227.978,5.363,246.695,528.288,274.189,7.404,Not Available,0,227.978,13.354,5.363,246.695,528.288
1983-09-01,220.641,5.19,238.755,476.173,230.65,6.764,Not Available,0.004,220.641,12.924,5.19,238.755,476.173
1983-10-01,228.031,5.363,246.732,474.251,220.423,7.091,Not Available,0.005,228.031,13.338,5.363,246.732,474.251
1983-11-01,220.719,5.19,238.78,507.035,261.94,6.311,Not Available,0.004,220.719,12.872,5.19,238.78,507.035
1983-12-01,228.194,5.363,246.871,587.773,335.876,5.025,Not Available,0.001,228.194,13.314,5.363,246.871,587.773
1984-01-01,227.551,6.547,251.483,570.081,313.504,5.094,Not Available,0,227.551,17.385,6.547,251.483,570.081
1984-02-01,212.673,6.125,235.169,535.239,293.845,6.222,Not Available,0.002,212.673,16.371,6.125,235.169,535.239
1984-03-01,227.378,6.547,251.529,579.04,320.67,6.838,Not Available,0.002,227.378,17.603,6.547,251.529,579.04
1984-04-01,219.904,6.336,243.277,566.019,315.985,6.748,Not Available,0.006,219.904,17.037,6.336,243.277,566.019
1984-05-01,227.242,6.547,251.408,593.504,335.607,6.473,Not Available,0.008,227.242,17.619,6.547,251.408,593.504
1984-06-01,219.914,6.336,243.303,553.321,303.719,6.283,Not Available,0.006,219.914,17.053,6.336,243.303,553.321
1984-07-01,227.458,6.547,251.632,547.618,289.982,5.997,Not Available,0.005,227.458,17.627,6.547,251.632,547.618
1984-08-01,227.481,6.547,251.638,524.053,264.894,7.509,Not Available,0.003,227.481,17.61,6.547,251.638,524.053
1984-09-01,220.21,6.336,243.596,470.91,220.536,6.763,Not Available,0.005,220.21,17.049,6.336,243.596,470.91
1984-10-01,227.64,6.547,251.974,479.62,220.205,7.424,Not Available,0.009,227.64,17.786,6.547,251.974,479.62
1984-11-01,220.555,6.336,244.068,486.11,234.699,7.331,Not Available,0.009,220.555,17.177,6.336,244.068,486.11
1984-12-01,227.811,6.547,252.042,532.347,272.166,8.127,Not Available,0.013,227.811,17.684,6.547,252.042,532.347
1985-01-01,228.394,7.911,256.315,555.205,290.793,8.086,Not Available,0.007,228.394,20.009,7.911,256.315,555.205
1985-02-01,206.294,7.146,231.512,511.838,273.175,7.141,Not Available,0.011,206.294,18.072,7.146,231.512,511.838
1985-03-01,228.374,7.911,256.336,525.002,260.344,8.314,Not Available,0.007,228.374,20.05,7.911,256.336,525.002
1985-04-01,220.463,7.656,247.599,512.937,258.039,7.281,Not Available,0.006,220.463,19.48,7.656,247.599,512.937
1985-05-01,227.858,7.911,255.881,542.968,279.498,7.571,Not Available,0.004,227.858,20.111,7.911,255.881,542.968
1985-06-01,220.471,7.656,247.643,507.33,252.373,7.294,Not Available,0.004,220.471,19.517,7.656,247.643,507.33
1985-07-01,228.091,7.911,256.159,489.577,225.387,8.019,Not Available,0.001,228.091,20.156,7.911,256.159,489.577
1985-08-01,228.276,7.911,256.301,475.912,211.206,8.381,Not Available,0.004,228.276,20.113,7.911,256.301,475.912
1985-09-01,221.006,7.656,247.997,454.274,198.288,7.966,Not Available,0.009,221.006,19.334,7.656,247.997,454.274
1985-10-01,228.287,7.911,256.175,475.406,211.589,7.626,Not Available,0.005,228.287,19.977,7.911,256.175,475.406
1985-11-01,220.962,7.656,248.07,499.606,242.115,9.416,Not Available,0.002,220.962,19.452,7.656,248.07,499.606
1985-12-01,228.29,7.911,256.246,533.96,267.386,10.325,Not Available,0.001,228.29,20.044,7.911,256.246,533.96
1986-01-01,217.84,9.096,249.178,486.064,226.352,10.526,Not Available,0.002,217.84,22.242,9.096,249.178,486.064
1986-02-01,196.536,8.216,224.922,479.122,245.152,9.04,Not Available,0.002,196.536,20.171,8.216,224.922,479.122
1986-03-01,217.379,9.096,248.837,558.538,300.28,9.403,Not Available,0.007,217.379,22.362,9.096,248.837,558.538
1986-04-01,210.372,8.803,240.788,539.897,290.609,8.479,Not Available,0.006,210.372,21.613,8.803,240.788,539.897
1986-05-01,217.424,9.096,248.822,545.072,287.656,8.568,Not Available,0.008,217.424,22.302,9.096,248.822,545.072
1986-06-01,210.444,8.803,240.837,527.412,277.26,9.295,Not Available,0.005,210.444,21.591,8.803,240.837,527.412
1986-07-01,217.598,9.096,249.011,513.292,254.396,9.862,Not Available,0.005,217.598,22.317,9.096,249.011,513.292
1986-08-01,217.76,9.096,249.176,482.847,223.81,9.839,Not Available,0.005,217.76,22.32,9.096,249.176,482.847
1986-09-01,210.699,8.803,241.074,472.114,222.779,8.245,Not Available,0.001,210.699,21.572,8.803,241.074,472.114
1986-10-01,217.574,9.096,248.974,482.113,225.018,8.105,Not Available,0.002,217.574,22.304,9.096,248.974,482.113
1986-11-01,210.647,8.803,241.122,492.321,244.175,7.015,Not Available,0,210.647,21.673,8.803,241.122,492.321
1986-12-01,217.863,9.096,249.352,532.346,273.692,9.299,Not Available,0,217.863,22.393,9.096,249.352,532.346
1987-01-01,209.176,10.423,244.137,521.265,267.809,9.317,Not Available,0.001,209.176,24.537,10.423,244.137,521.265
1987-02-01,188.924,9.415,220.511,452.878,223.722,8.64,Not Available,0,188.924,22.172,9.415,220.511,452.878
1987-03-01,209.117,10.423,244.157,498.782,245.143,9.473,Not Available,0,209.117,24.616,10.423,244.157,498.782
1987-04-01,202.254,10.087,236.139,477.656,232.573,8.929,Not Available,0.002,202.254,23.798,10.087,236.139,477.656
1987-05-01,208.99,10.423,244.007,509.032,255.627,9.382,Not Available,0.003,208.99,24.593,10.423,244.007,509.032
1987-06-01,202.596,10.087,236.522,466.873,220.689,9.635,Not Available,0.01,202.596,23.839,10.087,236.522,466.873
1987-07-01,209.335,10.423,244.359,467.691,213.34,9.961,Not Available,0.013,209.335,24.601,10.423,244.359,467.691
1987-08-01,209.365,10.423,244.396,448.986,194.652,9.923,Not Available,0.002,209.365,24.608,10.423,244.396,448.986
1987-09-01,202.52,10.087,236.298,437.201,191.635,9.257,Not Available,0.002,202.52,23.691,10.087,236.298,437.201
1987-10-01,209.112,10.423,244.059,442.655,189.215,9.375,Not Available,0.001,209.112,24.523,10.423,244.059,442.655
1987-11-01,202.462,10.087,236.197,423.208,177.943,9.064,Not Available,0.001,202.462,23.648,10.087,236.197,423.208
1987-12-01,209.308,10.423,244.104,475.58,222.161,9.312,Not Available,0.002,209.308,24.373,10.423,244.104,475.58
1988-01-01,218.368,10.508,255.331,495.132,230.477,9.312,Not Available,0.007,218.368,26.455,10.508,255.331,495.132
1988-02-01,204.246,9.83,238.853,446.663,199.789,8.013,Not Available,0,204.246,24.778,9.83,238.853,446.663
1988-03-01,218.351,10.508,255.385,469.098,204.359,9.341,Not Available,0,218.351,26.526,10.508,255.385,469.098
1988-04-01,211.122,10.169,247.241,455.993,200.293,8.454,Not Available,0,211.122,25.95,10.169,247.241,455.993
1988-05-01,217.825,10.508,255.188,486.212,222.701,8.31,Not Available,0,217.825,26.855,10.508,255.188,486.212
1988-06-01,211.242,10.169,247.34,453.891,197.723,8.815,Not Available,0,211.242,25.929,10.169,247.34,453.891
1988-07-01,218.272,10.508,255.582,442.602,177.42,9.589,Not Available,0,218.272,26.802,10.508,255.582,442.602
1988-08-01,218.415,10.508,255.815,437.214,172.238,9.149,Not Available,0,218.415,26.893,10.508,255.815,437.214
1988-09-01,211.218,10.169,247.357,426.312,170.174,8.772,Not Available,0,211.218,25.97,10.169,247.357,426.312
1988-10-01,218.198,10.508,255.517,422.602,158.144,8.939,Not Available,0,218.198,26.811,10.508,255.517,422.602
1988-11-01,211.191,10.169,247.096,448.903,192.932,8.874,Not Available,0,211.191,25.737,10.169,247.096,448.903
1988-12-01,218.215,10.508,255.345,472.132,208.016,8.77,Not Available,0.001,218.215,26.623,10.508,255.345,472.132
1989-01-01,231.17,10.649,266.572,509.146,224.04,14.134,2.881,1.521,231.17,24.753,10.649,266.572,509.146
1989-02-01,211.272,9.618,243.927,461.434,199.31,12.761,3.104,2.331,211.272,23.037,9.618,243.927,461.434
1989-03-01,236.6,10.649,268.315,532.714,242.358,15.001,4.37,2.671,236.6,21.067,10.649,268.315,532.714
1989-04-01,218.29,10.305,251.946,530.096,257.728,13.095,4.843,2.484,218.29,23.351,10.305,251.946,530.096
1989-05-01,200.711,10.649,241.235,562.699,300.24,13.857,5.237,2.131,200.711,29.876,10.649,241.235,562.699
1989-06-01,208.439,10.305,248.447,546.135,277.046,13.664,5.346,1.631,208.439,29.704,10.305,248.447,546.135
1989-07-01,217.404,10.649,261.318,525.096,242.678,13.872,5.746,1.482,217.404,33.265,10.649,261.318,525.096
1989-08-01,234.088,10.649,276.985,513.153,216.086,13.414,5.593,1.075,234.088,32.249,10.649,276.985,513.153
1989-09-01,220.479,10.305,264.811,487.948,202.515,12.52,5.18,2.923,220.479,34.027,10.305,264.811,487.948
1989-10-01,230.492,10.649,276.462,511.058,214.892,13.157,4.715,1.832,230.492,35.321,10.649,276.462,511.058
1989-11-01,231.613,10.305,276.819,521.323,226.777,12.562,3.884,1.281,231.613,34.901,10.305,276.819,521.323
1989-12-01,239.066,10.649,282.52,533.84,233.595,13.504,3.55,0.671,239.066,32.806,10.649,282.52,533.84
1990-01-01,193.411,9.416,236.692,511.271,253.277,15.036,3.132,3.134,193.411,33.865,9.416,236.692,511.271
1990-02-01,186.722,8.505,226.266,508.359,262.555,13.739,3.395,2.405,186.722,31.039,8.505,226.266,508.359
1990-03-01,199.565,9.416,244.248,567.933,301.333,15.116,4.685,2.551,199.565,35.267,9.416,244.248,567.933
1990-04-01,190.159,9.112,232.64,530.428,276.175,12.08,5.16,4.373,190.159,33.369,9.112,232.64,530.428
1990-05-01,166.803,9.416,210.108,525.671,291.917,14.14,5.863,3.644,166.803,33.889,9.416,210.108,525.671
1990-06-01,134.939,9.112,178.544,503.361,300.121,14.647,5.821,4.227,134.939,34.493,9.112,178.544,503.361
1990-07-01,176.618,9.416,219.713,499.493,257.581,14.779,6.181,1.239,176.618,33.679,9.416,219.713,499.493
1990-08-01,201.445,9.416,245.632,497.453,230.354,14.592,6.145,0.729,201.445,34.771,9.416,245.632,497.453
1990-09-01,196.099,9.112,239.932,447.347,187.254,13.746,5.467,0.947,196.099,34.72,9.112,239.932,447.347
1990-10-01,190.414,9.416,235.437,460.198,203.213,14.398,5.037,2.114,190.414,35.607,9.416,235.437,460.198
1990-11-01,177.629,9.112,220.256,459.564,219.084,13.805,4.014,2.405,177.629,33.515,9.112,220.256,459.564
1990-12-01,202.362,9.416,245.644,528.926,263.525,14.668,3.85,1.239,202.362,33.866,9.416,245.644,528.926
1991-01-01,221.773,10.871,269.531,569.476,280.572,15.446,3.278,0.648,221.773,36.887,10.871,269.531,569.476
1991-02-01,161.586,9.819,204.535,465.115,240.524,13.497,3.534,3.026,161.586,33.129,9.819,204.535,465.115
1991-03-01,165.815,10.871,214.374,519.107,282.566,15.382,4.624,2.161,165.815,37.688,10.871,214.374,519.107
1991-04-01,142.348,10.521,190.452,492.91,281.008,13.871,5.094,2.485,142.348,37.583,10.521,190.452,492.91
1991-05-01,156.299,10.871,206.579,540.586,309.826,14.196,6.204,3.782,156.299,39.409,10.871,206.579,540.586
1991-06-01,161.835,10.521,209.721,513.636,280.947,15.048,6.299,1.621,161.835,37.366,10.521,209.721,513.636
1991-07-01,163.21,10.871,210.055,499.532,266.05,15.07,6.737,1.621,163.21,35.974,10.871,210.055,499.532
1991-08-01,201.887,10.871,250.834,512.227,237.525,14.928,6.563,2.377,201.887,38.076,10.871,250.834,512.227
1991-09-01,220.843,10.521,267.735,491.72,201.861,14.03,5.933,2.161,220.843,36.371,10.521,267.735,491.72
1991-10-01,204.17,10.871,249.408,467.133,193.296,14.793,5.207,4.43,204.17,34.366,10.871,249.408,467.133
1991-11-01,194.094,10.521,241.541,467.741,202.13,15.411,4.228,4.43,194.094,36.927,10.521,241.541,467.741
1991-12-01,220.221,10.871,267.033,528.579,239.639,15.954,3.9,2.053,220.221,35.94,10.871,267.033,528.579
1992-01-01,225.223,12.282,279.197,535.604,235.95,15.635,3.271,1.551,225.223,41.692,12.282,279.197,535.604
1992-02-01,179.107,11.489,230.468,449.192,196.021,13.827,3.544,5.333,179.107,39.871,11.489,230.468,449.192
1992-03-01,169.584,12.282,221.177,482.781,237.66,15.679,4.871,3.393,169.584,39.312,12.282,221.177,482.781
1992-04-01,162.501,11.886,210.172,445.952,212.719,14.254,5.51,3.297,162.501,35.785,11.886,210.172,445.952
1992-05-01,136.512,12.282,190.537,455.236,242.426,15.069,6.234,0.97,136.512,41.743,12.282,190.537,455.236
1992-06-01,178.938,11.886,230.985,497.878,244.966,14.876,6.275,0.776,178.938,40.161,11.886,230.985,497.878
1992-07-01,196.218,12.282,250.15,486.974,214.207,15.109,6.732,0.776,196.218,41.651,12.282,250.15,486.974
1992-08-01,216.248,12.282,269.662,491.438,198.457,15.214,6.651,1.454,216.248,41.132,12.282,269.662,491.438
1992-09-01,199.5,11.886,251.511,458.26,183.3,14.18,5.972,3.297,199.5,40.125,11.886,251.511,458.26
1992-10-01,219.054,12.282,269.545,472.677,180.27,14.943,5.398,2.521,219.054,38.209,12.282,269.545,472.677
1992-11-01,220.592,11.886,264.383,498.629,212.065,14.869,4.403,2.909,220.592,31.905,11.886,264.383,498.629
1992-12-01,209.993,12.282,263.891,545.911,259.394,15.043,3.994,3.587,209.993,41.616,12.282,263.891,545.911
1993-01-01,212.917,14.701,274.257,564.642,268.521,15.945,3.368,2.55,212.917,46.639,13.931,273.487,563.872
1993-02-01,190.799,12.587,240.964,477.335,216.725,15.426,3.71,0.51,190.799,37.578,12.979,241.356,477.727
1993-03-01,202.466,14.83,263.204,543.311,253.399,16.137,5.216,5.356,202.466,45.908,15.052,263.426,543.533
1993-04-01,176.447,14.208,226.859,527.474,274.886,15.99,5.914,3.826,176.447,36.205,13.434,226.086,526.701
1993-05-01,141.057,14.454,196.012,537.1,316.469,14.37,6.423,3.826,141.057,40.502,13.452,195.01,536.097
1993-06-01,142.881,13.992,197.445,506.685,287.581,14.436,6.331,0.893,142.881,40.571,13.51,196.963,506.203
1993-07-01,159.077,13.875,212.707,491.681,254.885,15.78,6.906,1.403,159.077,39.755,13.684,212.516,491.49
1993-08-01,215.249,12.088,262.322,502.287,216.292,16.007,6.901,0.765,215.249,34.984,11.273,261.507,501.472
1993-09-01,197.49,13.21,250.551,461.697,188.068,15.439,6.236,1.403,197.49,39.852,13.744,251.085,462.231
1993-10-01,203.03,14.46,257.383,468.758,187.59,15.349,5.502,2.933,203.03,39.893,14.617,257.54,468.914
1993-11-01,209.594,14.96,262.183,482.148,195.571,15.174,4.502,4.718,209.594,37.629,16.607,263.83,483.795
1993-12-01,208.767,15.97,264.559,518.764,231.625,15.621,4.154,2.805,208.767,39.822,16.778,265.367,519.573
1994-01-01,252.903,16.599,306.708,546.053,220.026,15.695,3.625,0,252.903,37.205,17.536,307.644,546.99
1994-02-01,194.065,13.272,244.594,474.595,210.85,14.267,3.848,1.036,194.065,37.257,13.875,245.198,475.199
1994-03-01,202.598,15.795,261.461,530.489,243.412,14.471,5.505,5.639,202.598,43.069,16.083,261.749,530.777
1994-04-01,183.168,13.315,236.035,515.822,254.767,14.76,6.001,4.258,183.168,39.552,13.977,236.697,516.484
1994-05-01,141.247,15.12,202.48,494.544,267.13,14.543,6.593,3.798,141.247,46.113,14.957,202.317,494.381
1994-06-01,156.533,14.26,215.744,497.428,258.029,13.144,6.715,3.798,156.533,44.95,13.657,215.14,496.825
1994-07-01,216.33,14.635,274.451,538.294,241.004,13.897,6.985,1.956,216.33,43.487,14.302,274.118,537.961
1994-08-01,193.374,15.187,251.577,484.33,209.396,15.199,6.777,1.381,193.374,43.016,15.43,251.82,484.573
1994-09-01,180.928,17.765,238.967,433.622,171.008,14.102,6.322,3.222,180.928,40.274,14.752,235.954,430.608
1994-10-01,209.489,16.114,271.599,476.298,180.671,14.475,5.871,3.683,209.489,45.995,17.616,273.101,477.8
1994-11-01,198.716,17.753,261.436,482.928,197.506,14.295,4.629,5.064,198.716,44.967,17.406,261.089,482.582
1994-12-01,194.468,18.576,262.482,512.709,229.658,14.616,4.227,1.726,194.468,49.439,18.801,262.708,512.935
1995-01-01,181.661,18.455,243.462,516.503,256.445,13.067,3.471,0.059,181.661,43.345,17.366,242.373,515.414
1995-02-01,151.839,16.773,206.657,478.62,258.244,9.702,3.776,0.241,151.839,38.045,15.809,205.693,477.656
1995-03-01,181.966,18.162,239.82,550.404,294.609,10.67,5.257,0.047,181.966,39.692,18.363,240.022,550.605
1995-04-01,202.143,17.599,267.571,536.523,253.408,9.352,6.122,0.071,202.143,47.829,17.318,267.29,536.242
1995-05-01,174.718,17.171,227.439,533.618,286.483,8.606,6.876,4.214,174.718,35.551,15.558,225.827,532.005
1995-06-01,164.965,16.388,226.934,560.143,311.683,9.317,7.069,5.14,164.965,45.581,17.411,227.957,561.166
1995-07-01,234.038,15.354,294.251,601.274,283.275,10.066,7.289,6.392,234.038,44.859,14.341,293.238,600.261
1995-08-01,240.237,14.663,301.628,582.279,251.378,16.447,7.198,5.628,240.237,46.729,12.71,299.676,580.326
1995-09-01,208.217,15.073,268.791,499.49,206.52,11.83,6.442,5.907,208.217,45.502,15.114,268.833,499.532
1995-10-01,227.438,15.905,292.175,558.494,238.738,19.182,5.752,2.646,227.438,48.833,18.294,294.565,560.883
1995-11-01,203.6,14.993,267.659,554.285,263.386,17.276,4.673,1.291,203.6,49.066,19.828,272.494,559.12
1995-12-01,199.049,17.201,262.694,585.642,301.139,16.542,4.273,0.994,199.049,46.444,17.684,263.176,586.124
1996-01-01,215.337,16.092,272.584,606.65,317.658,11.3,3.586,1.523,215.337,41.154,17.095,273.586,607.652
1996-02-01,169.485,12.825,226.038,571.302,328.772,11.418,3.917,1.156,169.485,43.729,14.424,227.637,572.901
1996-03-01,196.558,14.13,259.039,627.922,350.334,10.872,5.738,1.939,196.558,48.352,14.816,259.726,628.609
1996-04-01,149.671,12.051,205.729,556.065,329.254,12.137,6.418,2.527,149.671,44.007,12.103,205.781,556.117
1996-05-01,176.787,9.009,231.211,594.902,343.915,8.603,7.123,4.05,176.787,45.415,9.88,232.082,595.772
1996-06-01,197.279,6.717,254.182,607.613,330.103,12.207,7.237,3.885,197.279,50.186,7.258,254.723,608.154
1996-07-01,221.032,7.528,281.656,610.092,298.56,17.0,7.343,5.533,221.032,53.096,7.434,281.563,609.998
1996-08-01,241.559,9.052,294.581,594.874,271.592,17.542,6.867,4.291,241.559,43.97,9.132,294.661,594.953
1996-09-01,201.147,9.753,259.345,513.255,228.911,15.298,6.066,3.634,201.147,48.445,9.056,258.648,512.558
1996-10-01,241.017,14.983,310.461,568.74,233.632,16.305,5.727,2.616,241.017,54.461,13.457,308.935,567.214
1996-11-01,230.3,14.166,295.562,561.304,243.572,16.486,4.663,1.021,230.3,51.096,14.073,295.468,561.211
1996-12-01,196.854,14.977,264.912,598.131,313.353,14.191,4.41,1.265,196.854,53.08,14.061,263.996,597.216
1997-01-01,219.532,14.553,275.641,629.796,336.616,12.781,3.528,1.23,219.532,41.556,13.881,274.968,629.123
1997-02-01,169.842,13.867,226.521,563.282,321.859,9.767,4.023,1.112,169.842,42.813,14.02,226.674,563.435
1997-03-01,191.206,15.957,251.136,628.984,357.387,13.424,5.52,1.517,191.206,43.974,15.683,250.862,628.71
1997-04-01,189.865,14.195,252.01,603.773,327.586,14.657,6.211,3.309,189.865,47.949,14.063,251.878,603.641
1997-05-01,200.871,18.01,268.515,642.242,349.12,14.331,6.698,3.579,200.871,49.635,15.981,266.486,640.214
1997-06-01,172.743,13.393,231.69,607.799,351.899,11.918,7.011,5.281,172.743,45.553,12.665,230.961,607.07
1997-07-01,195.848,16.795,259.985,611.209,323.304,15.455,7.262,5.203,195.848,47.342,16.639,259.829,611.053
1997-08-01,204.296,12.415,264.422,566.979,274.788,15.283,7.07,5.416,204.296,47.711,12.495,264.502,567.059
1997-09-01,193.213,15.398,250.744,513.208,238.97,14.604,6.232,2.657,193.213,42.133,14.652,249.998,512.463
1997-10-01,239.624,17.797,305.656,581.269,252.613,14.497,5.699,2.804,239.624,48.235,18.834,306.693,582.306
1997-11-01,203.767,14.924,264.591,526.463,242.156,14.404,4.57,0.742,203.767,45.9,15.167,264.834,526.705
1997-12-01,190.185,19.012,256.998,541.764,264.16,15.576,4.3,0.73,190.185,47.802,19.549,257.536,542.302
1998-01-01,218.095,19.477,278.211,591.522,293.86,15.811,3.463,0.177,218.095,40.639,19.047,277.781,591.092
1998-02-01,158.343,14.054,212.209,534.59,305.87,12.721,3.706,0.083,158.343,39.813,14.668,212.823,535.204
1998-03-01,179.494,15.307,240.963,585.341,323.122,15.674,5.52,0.063,179.494,46.162,16.458,242.115,586.493
1998-04-01,178.06,17.467,240.612,550.08,291.715,10.788,6.088,0.876,178.06,45.084,16.07,239.214,548.683
1998-05-01,186.622,14.75,250.239,606.588,338.499,9.908,6.481,1.461,186.622,48.867,13.976,249.466,605.815
1998-06-01,128.7,16.033,186.089,538.488,329.782,11.755,6.833,4.027,128.7,41.356,15.135,185.191,537.589
1998-07-01,184.548,15.64,246.326,565.994,292.237,14.565,7.284,5.582,184.548,46.139,15.376,246.062,565.73
1998-08-01,191.758,16.269,254.237,537.283,256.055,15.558,7.134,4.299,191.758,46.21,16.221,254.189,537.235
1998-09-01,186.479,17.262,248.27,487.106,212.368,15.259,6.358,4.852,186.479,44.53,16.908,247.917,486.753
1998-10-01,202.005,17.655,267.922,485.974,192.567,16.743,5.695,3.047,202.005,48.262,18.484,268.751,486.803
1998-11-01,171.31,17.794,230.488,456.083,204.15,15.035,4.563,1.847,171.31,41.384,17.35,230.044,455.639
1998-12-01,198.747,20.766,273.362,553.637,256.829,14.633,4.275,4.539,198.747,53.849,21.342,273.938,554.213
1999-01-01,210.996,19.158,272.26,596.135,301.877,15.171,3.38,3.446,210.996,42.105,18.586,271.688,595.563
1999-02-01,162.352,15.417,220.539,533.202,293.419,12.383,3.703,3.159,162.352,42.77,15.313,220.435,533.098
1999-03-01,149.912,17.696,212.177,564.559,328.047,14.471,5.296,4.568,149.912,44.57,16.867,211.349,563.73
1999-04-01,183.534,19.152,249.92,551.65,279.566,12.382,5.965,3.818,183.534,47.234,16.77,247.537,549.268
1999-05-01,222.166,17.388,289.264,610.248,296.517,15.035,6.614,2.818,222.166,49.711,16.077,287.953,608.937
1999-06-01,173.903,14.336,236.09,571.946,312.577,13.986,6.696,2.596,173.903,47.851,15.636,237.39,573.246
1999-07-01,203.953,14.275,264.292,593.676,303.567,14.153,7.001,4.664,203.953,46.064,14.23,264.247,593.631
1999-08-01,197.764,17.11,258.854,547.07,263.077,14.417,6.813,3.909,197.764,43.98,16.624,258.368,546.585
1999-09-01,181.899,17.877,244.14,482.158,213.64,14.426,6.093,3.859,181.899,44.364,16.972,243.235,481.253
1999-10-01,164.413,19.309,228.256,456.712,203.526,14.953,5.696,4.281,164.413,44.534,19.844,228.79,457.246
1999-11-01,192.219,18.101,254.125,492.902,216.417,14.216,4.522,3.622,192.219,43.805,19.651,255.675,494.452
1999-12-01,171.056,20.99,235.215,515.274,255.344,15.328,4.232,5.155,171.056,43.17,22.398,236.623,516.682
2000-01-01,160.708,19.339,222.067,505.147,258.518,14.724,3.255,6.583,160.708,42.021,19.713,222.442,505.522
2000-02-01,185.259,18.258,246.169,499.955,229.354,13.606,3.625,7.201,185.259,42.652,17.294,245.205,498.991
2000-03-01,195.714,19.502,263.209,558.0,272.397,13.848,4.976,3.571,195.714,47.994,19.973,263.681,558.472
2000-04-01,187.07,19.985,254.609,568.518,290.623,14.367,5.553,3.367,187.07,47.555,18.611,253.235,567.145
2000-05-01,184.011,19.973,254.678,558.717,279.719,13.885,6.273,4.163,184.011,50.694,20.077,254.782,558.822
2000-06-01,167.726,17.673,227.712,509.108,256.913,13.563,6.36,4.56,167.726,42.314,16.306,226.346,507.741
2000-07-01,191.305,19.912,255.348,526.256,246.155,13.983,6.894,3.876,191.305,44.131,19.246,254.682,525.59
2000-08-01,194.632,17.661,254.942,503.68,224.228,14.003,6.667,3.84,194.632,42.649,19.402,256.683,505.421
2000-09-01,180.764,18.729,240.331,443.37,181.584,11.971,6.093,3.391,180.764,40.838,18.906,240.508,443.547
2000-10-01,206.142,20.697,270.472,468.21,175.315,12.837,5.389,4.197,206.142,43.633,21.918,271.693,469.43
2000-11-01,200.803,19.9,261.335,482.862,195.459,13.383,4.288,8.396,200.803,40.632,21.464,262.899,484.426
2000-12-01,207.582,21.518,254.788,477.781,200.852,14.194,4.034,3.914,207.582,25.688,22.801,256.071,479.064
2001-01-01,175.982,21.638,228.434,444.966,194.798,14.612,3.1,4.022,175.982,30.814,23.739,230.534,447.067
2001-02-01,155.969,19.67,202.849,404.064,180.547,12.812,3.399,4.456,155.969,27.21,20.084,203.263,404.478
2001-03-01,168.14,21.192,219.649,455.774,211.591,14.206,4.83,5.498,168.14,30.317,21.55,220.006,456.131
2001-04-01,163.973,19.537,213.628,425.359,186.128,13.162,5.366,7.075,163.973,30.118,18.71,212.8,424.531
2001-05-01,161.457,20.222,211.506,435.509,198.142,12.98,6.319,6.562,161.457,29.828,19.576,210.861,434.863
2001-06-01,163.772,20.044,213.95,454.608,214.179,13.088,6.472,6.919,163.772,30.134,16.692,210.598,451.256
2001-07-01,169.421,21.023,221.842,436.058,186.812,14.087,6.756,6.561,169.421,31.398,23.398,224.217,438.433
2001-08-01,173.357,21.283,225.897,447.894,195.436,13.97,6.627,5.964,173.357,31.258,18.938,223.552,445.55
2001-09-01,163.666,21.008,214.229,396.462,157.641,13.617,5.91,5.066,163.666,29.555,20.372,213.593,395.826
2001-10-01,174.181,22.657,227.319,409.912,157.418,13.913,4.991,6.27,174.181,30.481,25.014,229.675,412.268
2001-11-01,166.005,22.961,219.773,401.766,159.262,13.805,4.065,4.861,166.005,30.807,22.206,219.018,401.011
2001-12-01,169.916,23.218,225.088,449.323,199.905,14.208,3.76,6.362,169.916,31.954,22.369,224.239,448.475
2002-01-01,169.367,25.334,228.396,476.538,221.72,15.114,3.054,8.254,169.367,33.695,23.789,226.851,474.994
2002-02-01,148.458,20.747,198.932,428.352,205.41,13.339,3.407,7.263,148.458,29.727,21.185,199.37,428.79
2002-03-01,159.644,24.003,217.568,459.457,213.723,14.682,4.816,8.668,159.644,33.921,21.037,214.601,456.49
2002-04-01,158.336,22.916,212.852,488.503,246.661,13.292,5.277,10.421,158.336,31.601,22.43,212.366,488.017
2002-05-01,168.013,24.238,225.155,527.64,271.24,14.386,5.897,10.963,168.013,32.904,23.838,224.755,527.24
2002-06-01,159.326,22.416,215.107,533.563,287.009,13.659,6.33,11.458,159.326,33.365,21.848,214.539,532.995
2002-07-01,176.434,24.015,235.713,525.237,259.113,14.857,6.495,9.059,176.434,35.264,24.563,236.261,525.785
2002-08-01,163.556,25.418,224.4,469.651,214.487,14.5,6.329,9.936,163.556,35.426,24.98,223.963,469.214
2002-09-01,171.211,26.251,230.855,431.886,173.824,14.109,5.612,7.486,171.211,33.394,25.367,229.971,431.002
2002-10-01,180.316,29.849,243.767,445.445,174.684,14.581,4.942,7.471,180.316,33.603,29.756,243.674,445.352
2002-11-01,166.492,30.001,230.328,455.848,200.714,14.051,4.082,6.673,166.492,33.835,32.207,232.533,458.053
2002-12-01,174.133,32.931,242.334,488.691,220.434,14.594,3.647,7.683,174.133,35.27,32.335,241.737,488.095
2003-01-01,169.564,33.05,237.044,470.084,208.576,15.061,3.001,6.402,169.564,34.431,30.723,234.717,467.757
2003-02-01,153.718,28.469,212.693,437.329,200.271,13.547,3.271,7.547,153.718,30.507,31.894,216.118,440.754
2003-03-01,166.337,32.649,233.288,508.199,245.048,14.607,4.764,10.491,166.337,34.303,30.555,231.195,506.105
2003-04-01,162.813,32.368,228.516,509.631,250.685,14.062,5.304,11.064,162.813,33.334,32.588,228.736,509.85
2003-05-01,163.891,32.625,229.756,557.601,297.627,14.16,5.869,10.19,163.891,33.24,32.694,229.825,557.671
2003-06-01,162.635,32.703,228.254,549.071,289.436,14.633,6.146,10.602,162.635,32.915,31.844,227.395,548.212
2003-07-01,174.308,33.241,242.533,524.603,251.536,14.76,6.12,9.653,174.308,34.984,32.473,241.766,523.835
2003-08-01,171.772,33.6,239.928,501.509,232.592,14.674,6.058,8.256,171.772,34.556,34.451,240.779,502.36
2003-09-01,164.17,34.169,230.968,447.102,187.115,14.437,5.519,9.062,164.17,32.628,32.475,229.274,445.407
2003-10-01,169.075,35.036,236.938,451.913,186.588,14.431,4.873,9.084,169.075,32.827,35.228,237.129,452.105
2003-11-01,166.306,34.893,233.698,460.803,199.617,13.908,3.845,9.735,166.306,32.498,37.877,236.682,463.787
2003-12-01,177.447,38.591,251.16,524.518,243.449,15.164,3.558,11.187,177.447,35.123,40.285,252.855,526.212
2004-01-01,183.985,39.269,255.574,514.248,230.201,15.493,2.97,10.01,183.985,32.32,40.19,256.495,515.168
2004-02-01,168.663,36.894,236.689,474.088,209.471,14.522,3.174,10.232,168.663,31.132,38.748,238.543,475.941
2004-03-01,175.736,39.846,248.532,510.681,229.509,14.954,4.753,12.933,175.736,32.949,39.945,248.63,510.78
2004-04-01,175.957,39.105,247.253,488.736,209.214,14.075,5.224,12.969,175.957,32.191,40.264,248.412,489.895
2004-05-01,169.777,41.089,244.383,522.585,240.581,14.619,5.957,17.044,169.777,33.517,41.67,244.964,523.165
2004-06-01,171.743,39.836,244.075,531.771,252.927,14.709,6.065,13.994,171.743,32.495,42.516,246.754,534.45
2004-07-01,183.591,40.447,257.042,523.845,233.556,15.32,6.265,11.662,183.591,33.003,40.597,257.191,523.994
2004-08-01,179.526,41.803,254.446,502.467,216.265,15.116,6.116,10.524,179.526,33.116,41.745,254.388,502.409
2004-09-01,171.017,40.538,243.019,479.379,205.581,14.345,5.52,10.914,171.017,31.463,41.372,243.852,480.212
2004-10-01,179.681,41.982,253.52,472.876,188.93,15.308,4.813,10.305,179.681,31.857,43.223,254.761,474.117
2004-11-01,173.661,41.609,247.286,484.736,209.705,14.582,3.826,9.337,173.661,32.016,42.508,248.184,485.635
2004-12-01,187.914,43.302,264.199,557.132,262.527,15.104,3.564,11.739,187.914,32.983,45,265.897,558.831
2005-01-01,185.551,45.102,264.707,537.024,242.697,15.391,2.914,11.315,185.551,34.054,46.014,265.619,537.936
2005-02-01,175.761,41.376,247.271,489.382,216.046,13.222,3.179,9.664,175.761,30.134,41.146,247.041,489.152
2005-03-01,180.584,45.51,260.043,524.478,229.338,14.912,4.581,15.605,180.584,33.949,44.966,259.499,523.935
2005-04-01,171.578,43.143,246.929,514.322,230.561,14.648,5.212,16.973,171.578,32.208,42.537,246.323,513.716
2005-05-01,176.617,44.487,255.79,567.445,272.758,15.513,5.922,17.463,176.617,34.686,45.383,256.686,568.341
2005-06-01,173.219,45.082,252.466,559.535,267.803,15.257,6.041,17.967,173.219,34.165,47.73,255.114,562.183
2005-07-01,182.702,48.33,266.332,561.815,259.542,15.596,6.136,14.208,182.702,35.3,49.025,267.028,562.511
2005-08-01,182.796,48.584,266.097,514.634,215.635,15.407,6.115,11.379,182.796,34.718,51.217,268.73,517.267
2005-09-01,174.501,47.316,255.348,464.15,173.619,15.003,5.497,14.682,174.501,33.531,47.804,255.836,464.637
2005-10-01,178.567,50.269,261.121,475.798,180.046,15.341,4.829,14.46,178.567,32.286,51.536,262.388,477.065
2005-11-01,173.209,49.787,256.532,484.887,193.507,14.973,3.78,16.095,173.209,33.536,51.832,258.577,486.932
2005-12-01,181.612,52.284,268.55,527.149,221.389,15.438,3.495,18.276,181.612,34.653,54.823,271.089,529.688
2006-01-01,187.674,54.188,276.647,590.869,272.144,15.313,3.132,23.633,187.674,34.785,52.761,275.22,589.443
2006-02-01,164.912,51.185,247.274,529.214,245.611,13.834,3.431,19.064,164.912,31.177,48.955,245.044,526.984
2006-03-01,175.5,56.829,265.069,553.135,244.251,15.628,4.792,23.395,175.5,32.74,55.374,263.614,551.681
2006-04-01,166.537,52.99,250.384,577.794,283.244,14.216,5.433,24.517,166.537,30.858,54.87,252.265,579.675
2006-05-01,171.132,56.266,261.125,611.315,305.688,13.984,6.129,24.388,171.132,33.727,62.992,267.851,618.04
2006-06-01,170.346,59.32,261.96,598.553,295.163,14.911,6.168,20.351,170.346,32.295,69,271.64,608.233
2006-07-01,180.235,60.456,274.809,568.524,252.333,15.628,6.361,19.392,180.235,34.118,65.85,280.203,573.917
2006-08-01,179.396,63.872,277.063,531.419,215.524,15.902,6.513,16.418,179.396,33.794,69.551,282.741,537.097
2006-09-01,173.115,62.519,267.952,478.049,170.621,15.112,5.725,18.639,173.115,32.318,68.463,273.896,483.993
2006-10-01,177.454,64.739,275.12,489.33,169.17,15.766,5.05,24.223,177.454,32.927,72.077,282.458,496.668
2006-11-01,172.741,64.175,270.475,515.778,201.075,14.993,4.035,25.199,172.741,33.56,70.949,277.249,522.551
2006-12-01,180.279,69.095,283.636,541.985,214.21,15.913,3.709,24.517,180.279,34.262,75.418,289.959,548.308
2007-01-01,182.455,71.627,290.845,592.139,257.426,16.297,3.333,24.239,182.455,36.763,76.469,295.687,596.981
2007-02-01,162.893,66.107,261.666,487.978,183.513,14.248,3.646,24.906,162.893,32.666,69.09,264.65,490.962
2007-03-01,174.64,73.657,285.146,574.729,238.832,15.392,5.241,30.117,174.64,36.85,75.945,287.435,577.017
2007-04-01,173.47,72.575,278.386,566.479,236.135,14.824,5.787,31.349,173.47,32.341,71.828,277.639,565.733
2007-05-01,173.553,78.629,286.01,594.169,257.448,14.904,6.626,29.181,173.553,33.828,77.982,285.363,593.522
2007-06-01,170.164,78.428,281.995,555.712,225.519,15.616,6.681,25.9,170.164,33.402,80.617,284.184,557.901
2007-07-01,178.134,83.124,295.653,561.991,222.17,15.849,6.985,21.333,178.134,34.395,82.563,295.092,561.43
2007-08-01,174.785,86.362,295.523,542.003,197.092,15.891,6.816,26.681,174.785,34.377,86.584,295.746,542.226
2007-09-01,169.547,84.913,287.603,483.281,145.715,15.414,6.213,28.335,169.547,33.143,83.95,286.64,482.317
2007-10-01,174.97,89.501,299.416,500.562,146.248,15.989,5.535,33.374,174.97,34.945,92.473,302.388,503.534
2007-11-01,172.532,90.469,297.828,503.15,155.001,15.347,4.381,30.591,172.532,34.827,88.647,296.006,501.327
2007-12-01,181.632,94.677,312.007,547.781,181.289,16.003,3.984,34.497,181.632,35.698,96.665,313.995,549.768
2008-01-01,195.336,99.696,331.138,597.514,204.758,15.825,3.685,42.108,195.336,36.106,95.746,327.188,593.563
2008-02-01,169.281,95.947,300.535,542.157,185.146,14.369,4.153,37.955,169.281,35.307,95.403,299.991,541.614
2008-03-01,175.228,108.172,321.487,604.343,213.526,16.239,5.97,47.122,175.228,38.088,100.607,313.922,596.779
2008-04-01,171.485,106.434,314.073,607.143,219.093,15.79,6.697,51.49,171.485,36.154,105.611,313.25,606.32
2008-05-01,172.47,115.872,324.185,668.706,268.237,16.318,7.342,52.623,172.47,35.843,111.983,320.296,664.818
2008-06-01,167.713,110.288,313.335,675.398,287.514,16.206,7.69,50.653,167.713,35.334,108.741,311.788,673.851
2008-07-01,173.963,119.214,330.507,646.179,251.82,16.514,7.839,39.499,173.963,37.33,118.887,330.18,645.852
2008-08-01,171.954,125.23,333.607,599.136,209.193,16.454,7.714,32.167,171.954,36.423,123.463,331.84,597.37
2008-09-01,164.058,120.382,318.84,531.866,159.42,15.944,7.002,30.66,164.058,34.4,121.277,319.736,532.761
2008-10-01,169.452,124.307,330.125,552.074,152.441,16.495,6.144,46.87,169.452,36.366,126.128,331.946,553.895
2008-11-01,166.136,124.69,327.317,551.693,154.392,15.94,4.837,49.207,166.136,36.491,122.252,324.878,549.254
2008-12-01,161.91,123.769,323.102,614.709,205.569,16.339,4.506,65.193,161.91,37.422,127.044,326.377,617.984
2009-01-01,162.356,118.534,318.353,626.626,229.265,17.14,3.789,58.08,162.356,37.463,113.896,313.715,621.989
2009-02-01,150.552,109.634,294.389,545.174,173.845,15.517,4.306,57.117,150.552,34.203,101.386,286.141,536.926
2009-03-01,159.501,119.507,319.356,625.216,213.036,17.252,6.285,69.287,159.501,40.348,117.49,317.339,623.199
2009-04-01,151.432,115.45,303.489,651.188,251.513,16.341,7.058,72.787,151.432,36.607,119.403,307.442,655.142
2009-05-01,156.528,125.507,319.032,693.066,288.502,16.616,7.798,61.117,156.528,36.998,129.748,323.274,697.307
2009-06-01,158.244,126.318,321.739,685.709,285.318,16.212,7.79,54.65,158.244,37.176,128.286,323.707,687.677
2009-07-01,167.558,137.683,343.841,645.551,228.235,16.814,8.301,48.36,167.558,38.599,137.62,343.778,645.487
2009-08-01,170.874,139.431,348.551,617.941,191.105,16.773,8.179,53.333,170.874,38.246,139.782,348.901,618.292
2009-09-01,161.716,134.584,332.374,570.828,169.421,16.289,7.352,45.391,161.716,36.075,132.892,330.682,569.136
2009-10-01,165.592,142.871,346.472,628.157,192.185,16.479,6.52,66.501,165.592,38.01,143.407,347.009,628.693
2009-11-01,162.144,147.495,348.333,642.508,205.035,16.841,5.198,67.102,162.144,38.694,142.409,343.246,637.421
2009-12-01,168.514,152.906,360.689,692.132,241.363,17.912,4.766,67.403,168.514,39.268,146.999,354.782,686.226
2010-01-01,187.178,150.936,377.071,684.495,218.369,17.852,4.332,66.871,187.178,38.958,141.158,367.294,674.717
2010-02-01,171.797,140.823,347.952,622.578,200.874,15.872,4.886,52.993,171.797,35.332,134.986,342.116,616.741
2010-03-01,187.22,156.949,384.094,696.482,203.761,17.801,7.032,83.795,187.22,39.925,147.746,374.892,687.28
2010-04-01,179.128,150.611,368.922,675.51,186.307,16.99,8.028,95.262,179.128,39.183,147.271,365.582,672.17
2010-05-01,181.788,155.303,376.012,732.525,244.673,17.839,9.148,84.853,181.788,38.921,153.704,374.413,730.926
2010-06-01,182.446,151.148,372.328,768.768,291.254,17.219,9.44,78.526,182.446,38.734,153.3,374.48,770.919
2010-07-01,189.157,156.691,385.443,717.387,239.186,17.479,9.682,65.598,189.157,39.595,157.123,385.875,717.82
2010-08-01,190.522,158.933,389.064,677.829,196.283,17.706,9.549,65.227,190.522,39.609,157.37,387.501,676.266
2010-09-01,184.923,154.972,377.355,640.886,168.439,17.11,8.66,69.321,184.923,37.46,151.704,374.086,637.617
2010-10-01,185.667,161.893,386.771,661.166,172.515,16.975,7.405,77.5,185.667,39.211,159.105,383.983,658.378
2010-11-01,183.819,162.58,386.602,695.87,190.842,17.108,6.22,95.098,183.819,40.202,156.074,380.095,689.363
2010-12-01,193.095,167.041,400.917,738.991,226.037,18.027,5.626,88.383,193.095,40.781,161.443,395.319,733.393
2011-01-01,193.637,168.537,400.71,755.734,248.06,18.48,5.408,83.077,193.637,38.536,152.681,384.854,739.879
2011-02-01,173.103,150.443,359.327,718.251,234.459,16.676,6.242,101.547,173.103,35.781,143.489,352.374,711.298
2011-03-01,186.444,170.005,394.959,826.948,302.503,18.388,8.646,102.452,186.444,38.511,159.375,384.329,816.318
2011-04-01,175.84,161.958,373.481,824.325,303.084,17.258,9.813,120.689,175.84,35.683,152.763,364.286,815.13
2011-05-01,177.915,170.159,385.273,845.387,316.615,18.194,10.927,114.378,177.915,37.199,163.997,379.11,839.224
2011-06-01,184.151,167.467,389.673,837.126,312.381,17.02,11.321,106.731,184.151,38.056,166.881,389.087,836.54
2011-07-01,189.298,170.816,399.454,805.367,303.962,17.723,11.469,72.76,189.298,39.34,161.191,389.828,795.741
2011-08-01,189.485,173.999,402.931,755.38,250.319,17.777,11.739,72.613,189.485,39.447,173.499,402.432,754.88
2011-09-01,183.603,165.886,387.218,689.269,207.705,17.127,10.48,66.739,183.603,37.73,159.099,380.432,682.483
2011-10-01,182.755,175.396,397.994,719.799,192.254,17.836,9.451,102.265,182.755,39.843,166.454,389.052,710.857
2011-11-01,183.367,177.173,400.892,747.776,200.932,17.57,7.529,120.853,183.367,40.352,166.258,389.976,736.861
2011-12-01,193.623,185.585,420.525,780.226,230.58,18.261,7.329,103.532,193.623,41.317,175.792,410.732,770.433
2012-01-01,184.808,176.18,399.385,773.488,219.888,17.4,7.106,129.711,184.808,38.397,155.006,378.211,752.314
2012-02-01,173.569,163.132,373.028,695.574,193.022,16.387,7.969,105.168,173.569,36.328,151.441,361.337,683.883
2012-03-01,177.467,170.729,388.074,797.1,246.528,17.608,11.407,133.484,177.467,39.878,163.671,381.016,790.042
2012-04-01,168.214,163.535,368.981,770.411,250.227,17.084,13.179,120.939,168.214,37.233,159.812,365.259,766.688
2012-05-01,177.251,171.87,387.318,812.593,272.551,17.787,15.603,119.334,177.251,38.198,169.175,384.623,809.898
2012-06-01,176.385,164.401,377.793,779.073,253.674,17.361,16.318,113.927,176.385,37.006,164.569,377.961,779.241
2012-07-01,183.79,156.766,379.862,750.571,252.089,17.946,16.713,83.96,183.79,39.306,157.657,380.753,751.461
2012-08-01,185.197,161.795,386.269,719.971,219.189,17.786,16.132,80.595,185.197,39.276,167.16,391.634,725.336
2012-09-01,179.203,150.489,366.955,650.762,167.519,17.576,15.068,83.644,179.203,37.263,149.452,365.918,649.726
2012-10-01,180.24,152.97,373.975,683.141,157.03,18.027,13.866,120.243,180.24,40.766,158.729,379.734,688.9
2012-11-01,178.719,149.512,368.902,687.349,178.266,18.023,11.311,110.847,178.719,40.671,149.976,369.366,687.814
2012-12-01,186.371,154.363,383.017,769.468,218.719,18.608,10.919,138.206,186.371,42.283,152.468,381.122,767.574
2013-01-01,199.658,150.623,391.713,798.301,236.889,18.578,10.501,140.62,199.658,41.432,149.653,390.743,797.331
2013-02-01,179.53,137.729,354.251,712.286,194.813,16.666,12.261,134.295,179.53,36.992,139.735,356.257,714.292
2013-03-01,195.918,159.758,397.835,779.737,195.918,18.543,17.116,150.325,195.918,42.16,161.574,399.652,781.553
2013-04-01,185.361,160.339,386.469,828.75,239.451,17.376,18.712,166.741,185.361,40.77,162.337,388.467,830.748
2013-05-01,193.12,170.191,404.782,869.844,271.442,17.87,20.817,154.933,193.12,41.47,170.652,405.242,870.304
2013-06-01,192.995,168.462,401.893,833.815,261.271,17.415,22.065,131.171,192.995,40.437,173.842,407.273,839.195
2013-07-01,204.781,172.708,419.452,825.831,260.036,18.148,22.351,105.844,204.781,41.963,173.028,419.772,826.151
2013-08-01,202.372,169.115,413.684,753.316,206.403,18.011,23.3,91.917,202.372,42.198,172.446,417.015,756.646
2013-09-01,190.5,164.898,395.313,708.225,161.826,17.616,22.088,111.382,190.5,39.914,172.656,403.071,715.983
2013-10-01,195.16,180.356,417.493,751.381,164.092,18.402,21.303,130.092,195.16,41.976,185.584,422.721,756.61
2013-11-01,195.075,178.452,415.796,769.799,168.655,16.959,17.611,150.779,195.075,42.268,177.403,414.747,768.75
2013-12-01,203.786,187.472,436.115,806.743,201.585,18.423,17.361,133.26,203.786,44.857,187.428,436.071,806.699
2014-01-01,204.218,171.833,420.974,831.826,205.716,18.278,16.541,170.318,204.218,44.923,164.852,413.993,824.845
2014-02-01,185.541,155.798,382.165,715.072,165.42,16.34,17.938,133.208,185.541,40.827,152.659,379.026,711.933
2014-03-01,203.51,175.544,423.586,867.195,230.661,18.113,26.185,168.651,203.51,44.532,170.205,418.247,861.856
2014-04-01,192.673,172.314,408.886,874.736,241.908,17.71,29.027,177.205,192.673,43.899,170.104,406.676,872.527
2014-05-01,195.933,180.975,420.035,871.941,252.406,18.063,33.084,148.353,195.933,43.127,179.197,418.257,870.163
2014-06-01,200.088,180.247,422.748,870.159,244.799,17.518,34.864,150.231,200.088,42.412,176.124,418.624,866.036
2014-07-01,206.439,186.037,437.471,837.213,231.615,17.941,34.297,115.89,206.439,44.994,182.491,433.924,833.667
2014-08-01,207.694,180.371,431.02,769.139,188.347,18.033,35.028,96.711,207.694,42.954,183.09,433.738,771.858
2014-09-01,195.605,174.842,411.083,724.309,152.851,17.652,33.182,109.541,195.605,40.635,173.602,409.842,723.069
2014-10-01,200.241,181.966,424.674,774.838,163.167,18.184,30.858,137.956,200.241,42.467,182.914,425.622,775.786
2014-11-01,198.406,179.89,419.845,819.574,177.104,18.175,25.044,179.406,198.406,41.549,176.28,416.235,815.964
2014-12-01,207.843,195.329,446.73,838.76,212.324,18.468,21.348,139.889,207.843,43.558,187.064,438.466,830.496
2015-01-01,201.691,181.675,426.511,831.673,224.825,18.078,21.039,141.22,201.691,43.145,166.886,411.721,816.884
2015-02-01,182.071,164.888,385.395,773.605,207.573,16.608,25.05,138.979,182.071,38.436,160.592,381.098,769.308
2015-03-01,192.096,183.132,418.058,840.075,226.152,18.377,34.91,142.578,192.096,42.831,179.015,413.942,835.959
2015-04-01,186.985,175.482,404.12,836.457,209.295,17.071,39.557,166.415,186.985,41.652,173.571,402.209,834.546
2015-05-01,192.617,186.805,421.76,829.813,187.448,18.341,42.516,159.748,192.617,42.339,188.596,423.552,831.604
2015-06-01,189.831,187.421,419.237,794.931,190.137,17.342,43.209,125.006,189.831,41.985,189.441,421.258,796.952
2015-07-01,198.543,190.746,434.897,820.965,195.726,18.03,44.939,127.373,198.543,45.608,192.173,436.324,822.393
2015-08-01,199.379,188.213,431.663,794.752,178.103,17.912,45.246,121.827,199.379,44.071,192.445,435.895,798.985
2015-09-01,189.132,178.667,409.666,745.079,149.901,16.423,38.959,130.131,189.132,41.867,185.619,416.618,752.032
2015-10-01,187.289,186.315,418.147,777.6,154.896,17.716,34.278,152.564,187.289,44.543,187.005,418.836,778.289
2015-11-01,188.795,184.786,418.73,829.431,180.113,17.641,29.632,183.315,188.795,45.15,181.63,415.574,826.275
2015-12-01,196.949,193.08,436.774,885.159,215.764,18.218,27.207,187.196,196.949,46.745,187.801,431.495,879.881
2016-01-01,196.334,188.598,427.096,877.612,236.371,17.67,26.067,170.408,191.418,42.164,174.702,408.285,858.801
2016-02-01,186.755,178.671,405.894,866.112,222.755,16.505,35.122,185.836,180.133,40.467,176.11,396.711,856.929
2016-03-01,190.58,194.48,428.603,944.719,252.754,17.515,43.391,202.457,184.706,43.543,191.319,419.568,935.684
2016-04-01,177.862,179.125,399.665,894.818,238.802,16.361,48.053,191.936,172.954,42.678,177.536,393.169,888.322
2016-05-01,186.848,193.545,423.333,905.519,235.188,17.761,55.308,173.928,180.346,42.94,197.174,420.46,902.645
2016-06-01,190.027,194.201,424.295,862.294,214.43,16.753,56.369,150.448,181.818,40.067,196.602,418.487,856.487
2016-07-01,192.183,200.412,434.044,873.727,197.99,17.478,61.633,162.582,188.064,41.448,205.111,434.624,874.307
2016-08-01,195.828,203.744,441.53,826.237,180.588,17.599,61.118,125.402,189.791,41.958,209.353,441.102,825.808
2016-09-01,185.493,191.624,416.425,791.719,151.041,17.447,55.433,151.373,178.494,39.307,198.018,415.82,791.114
2016-10-01,185.151,198.5,424.366,838.914,160.003,17.865,49.025,187.655,179.046,40.714,199.452,419.212,833.761
2016-11-01,187.054,197.554,427.93,839.746,173.563,17.791,41.388,179.075,182.245,43.322,200.084,425.651,837.467
2016-12-01,214.955,208.942,468.507,945.861,207.886,18.795,37.086,213.587,207.478,44.61,207.817,459.905,937.258
2017-01-01,192.994,202.09,439.505,930.805,245.19,18.349,36.246,191.515,186.431,44.422,186.214,417.067,908.367
2017-02-01,174.77,182.094,396.448,877.871,219.903,16.279,41.826,203.415,169.34,39.585,171.424,380.349,861.772
2017-03-01,192.303,201.743,437.424,1030.264,272.678,18.166,65.068,236.928,185.349,43.377,195.863,424.59,1017.43
2017-04-01,179.294,188.334,408.163,1001.552,270.802,17.569,71.337,233.68,173.454,40.534,189.532,403.52,996.908
2017-05-01,182.822,202.668,426.858,1039.033,300.246,17.381,82.142,212.407,177.444,41.368,206.683,425.495,1037.671
2017-06-01,187.238,196.266,423.548,993.532,281.537,17.04,85.941,185.465,180.559,40.044,203.243,423.847,993.831
2017-07-01,192.971,201.023,435.021,928.124,244.917,18.033,81.72,148.433,187.423,41.027,201.51,429.96,923.063
2017-08-01,195.79,209.101,446.019,873.626,202.888,17.944,78.98,127.796,189.284,41.128,210.863,441.275,868.882
2017-09-01,181.2,197.274,416.699,848.564,176.349,17.48,73.104,164.932,173.817,38.225,195.269,407.311,839.176
2017-10-01,186.527,206.518,433.481,903.931,162.965,16.573,66.525,224.387,180.249,40.436,202.523,423.208,893.658
2017-11-01,188.071,208.792,438.539,895.289,183.132,17.233,48.147,208.238,181.025,41.676,199.618,422.32,879.07
2017-12-01,199.536,210.966,453.938,926.813,204.858,18.109,45.484,204.424,190.51,43.437,201.642,435.589,908.464
2018-01-01,201.5,204.218,449.046,976.07,228.033,17.596,48.496,232.898,195.919,43.328,190.956,430.203,957.226
2018-02-01,183.447,189.139,412.743,922.156,226.561,16.463,55.411,210.978,175.622,40.156,171.592,387.371,896.784
2018-03-01,197.852,207.86,448.952,1016.334,235.28,17.828,73.508,240.767,192.032,43.24,195.311,430.583,997.965
2018-04-01,187.094,197.237,424.993,1023.345,255.792,16.027,86.066,240.468,179.801,40.661,186.07,406.532,1004.884
2018-05-01,196.263,207.564,444.58,1053.802,276.982,17.972,96.342,217.926,188.335,40.753,209.285,438.373,1047.595
2018-06-01,194.521,204.553,438.066,1032.969,251.082,17.045,102.03,224.747,185.724,38.993,198.474,423.19,1018.093
2018-07-01,202.07,213.7,455.27,948.123,228.356,17.854,97.013,149.631,195.334,39.5,204.554,439.388,932.242
2018-08-01,201.908,217.345,459.141,952.853,200.31,17.831,95.009,180.563,193.661,39.888,211.642,445.191,938.903
2018-09-01,189.461,200.911,426.893,871.509,174.369,17.3,84.455,168.492,180.933,36.521,190.086,407.54,852.156
2018-10-01,195.242,212.511,448.699,908.59,177.849,16.976,72.244,192.822,185.845,40.945,203.303,430.094,889.985
2018-11-01,192.615,206.403,439.958,912.529,199.362,17.327,55.583,200.299,183.886,40.939,195.978,420.804,893.375
2018-12-01,204.01,209.304,455.737,951.183,207.409,18.55,48.349,221.139,194.834,42.423,197.917,435.174,930.62
2019-01-01,201.773,203.505,444.763,951.796,220.676,17.762,52.337,216.259,195.73,39.485,185.476,420.692,927.725
2019-02-01,183.792,185.199,404.542,882.136,203.614,16.374,56.286,201.32,175.396,35.551,180.279,391.225,868.819
2019-03-01,195.8,199.101,433.33,998.926,234.346,18.052,83.847,229.351,188.686,38.429,195.324,422.439,988.035
2019-04-01,185.244,201.785,422.589,1038.858,247.572,16.379,95.001,257.317,177.123,35.559,194.087,406.769,1023.038
2019-05-01,192.64,210.963,439.614,1072.883,284.608,17.334,101.915,229.411,184.672,36.011,210.633,431.316,1064.585
2019-06-01,190.939,205.536,432.664,1009.025,249.864,17.039,109.711,199.747,181.596,36.19,202.714,420.5,996.861
2019-07-01,200.031,212.331,448.899,997.4,221.366,17.632,112.828,196.674,191.675,36.537,207.635,435.847,984.348
2019-08-01,203.079,206.151,446.231,951.682,200.928,17.791,108.948,177.784,192.628,37.001,203.426,433.055,938.506
2019-09-01,190.926,190.553,416.083,911.628,164.861,17.39,95.149,218.145,181.205,34.604,188.932,404.742,900.286
2019-10-01,192.855,201.551,431.685,940.668,162.903,15.547,84.701,245.831,184.113,37.279,201.94,423.332,932.315
2019-11-01,192.591,200.854,430.407,911.213,179.916,13.972,62.802,224.116,183.208,36.963,198.4,418.571,899.376
2019-12-01,201.221,214.068,454.125,951.033,191.134,15.92,52.75,237.104,191.214,38.836,207.403,437.453,934.36
2020-01-01,180.191,212.834,432.686,972.439,214.773,15.439,63.001,246.54,173.041,39.66,197.871,410.572,950.325
2020-02-01,170.869,195.914,403.222,976.91,226.785,15.816,75.875,255.212,162.736,36.438,186.27,385.445,959.133
2020-03-01,178.895,193.158,411.076,986.271,208.856,18.224,91.068,257.047,168.873,39.023,171.918,379.815,955.01
2020-04-01,166.81,120.626,323.946,914.317,203.345,17.294,108.894,260.838,158.427,36.51,121.36,316.296,906.667
2020-05-01,171.348,146.255,354.84,1012.501,262.801,17.321,128.753,248.786,163.313,37.236,155.142,355.691,1013.352
2020-06-01,166.18,174.201,374.66,1030.155,245.471,16.375,128.776,264.872,156.607,34.279,182.889,373.775,1029.27
2020-07-01,169.108,190.522,395.536,986.063,234.445,17.05,138.564,200.468,161.961,35.906,188.408,386.274,976.802
2020-08-01,172.933,188.514,397.879,945.961,204.127,16.977,125.079,201.898,164.385,36.432,185.527,386.344,934.425
2020-09-01,166.779,185.067,386.097,875.891,163.757,16.497,106.268,203.271,156.599,34.251,184.739,375.59,865.383
2020-10-01,170.689,191.915,398.927,929.533,164.911,16.666,96.341,252.688,161.918,36.323,180.746,378.987,909.594
2020-11-01,170.623,196.187,402.541,971.955,183.166,17.468,78.335,290.445,161.737,35.73,186.803,384.27,953.684
2020-12-01,181.143,199.207,418.294,975.538,188.559,17.677,70.371,280.637,169.936,37.944,194.079,401.959,959.204
2021-01-01,179.233,190.541,408.145,985.682,217.209,17.304,77.169,265.855,170.69,38.371,168.745,377.807,955.343
2021-02-01,161.702,151.904,347.47,864.002,178.087,16.256,85.917,236.272,152.817,33.864,154.424,341.105,857.637
2021-03-01,177.76,194.31,409.925,1085.267,187.674,16.376,124.561,346.731,166.599,37.855,193.94,398.394,1073.736
2021-04-01,170.112,186.571,392.199,1043.337,171.475,16.608,143.275,319.78,160.889,35.515,186.132,382.536,1033.674
2021-05-01,175.121,205.831,417.354,1101.229,206.144,17.196,161.727,298.808,166.648,36.403,206.591,409.641,1093.516
2021-06-01,174.214,201.081,409.532,1029.236,207.428,16.516,159.877,235.883,163.161,34.238,200.072,397.471,1017.174
2021-07-01,180.087,208.896,424.652,990.173,195.43,17.339,160.7,192.052,172.205,35.669,204.12,411.994,977.515
2021-08-01,181.571,195.29,412.133,1004.531,179.782,17.217,155.982,239.417,170.694,35.272,199.877,405.843,998.241
2021-09-01,174.214,185.399,394.091,961.869,150.545,17.099,143.678,256.457,163.175,34.478,186.209,383.861,951.64
2021-10-01,171.431,214.436,421.241,995.609,151.524,17.057,120.877,284.91,162.929,35.374,214.011,412.314,986.682
2021-11-01,171.745,215.768,422.748,1029.692,171.337,17.296,102.128,316.183,159.755,35.234,207.391,402.381,1009.325
2021-12-01,181.97,224.092,444.056,1107.498,208.381,18.521,84.115,352.425,169.797,37.994,209.36,417.151,1080.593
2022-01-01,183.539,214.134,434.269,1097.884,213.254,18.35,102.262,329.75,173.659,36.596,192.653,402.908,1066.523
2022-02-01,170.442,189.673,393.379,1045.106,187.898,15.825,116.242,331.762,158.689,33.263,177.312,369.264,1020.991
2022-03-01,180.414,212.366,429.548,1194.477,215.358,16.73,153.613,379.228,167.815,36.768,206.878,411.46,1176.389
2022-04-01,172.399,198.5,404.987,1179.304,176.84,16.518,174.088,406.871,163.076,34.089,195.256,392.421,1166.738
2022-05-01,180.894,213.805,429.29,1218.285,205.861,17.088,194.809,371.236,169.017,34.591,207.636,411.244,1200.238
2022-06-01,181.519,213.841,428.681,1174.73,229.03,16.468,202.958,297.593,167.201,33.32,212.799,413.32,1159.37
2022-07-01,183.961,217.509,435.46,1131.44,216.513,17.216,202.489,259.763,174.369,33.99,205.64,413.999,1109.979
2022-08-01,183.479,210.729,428.012,1038.38,186.245,17.326,188.954,217.843,173.104,33.804,213.1,420.009,1030.377
2022-09-01,175.714,192.753,400.695,980.37,150.051,16.935,171.82,240.869,161.574,32.227,192.137,385.939,965.614
2022-10-01,173.124,217.084,424.58,1011.432,126.62,16.837,154.817,288.578,161.842,34.372,215.696,411.911,998.762
2022-11-01,173.092,219.441,426.665,1078.899,157.736,17.528,113.884,363.085,163.07,34.132,208.685,405.887,1058.121
2022-12-01,181.657,210.943,427.775,1063.39,180.046,18.454,96.233,340.883,168.426,35.176,204.889,408.49,1044.105
2023-01-01,179.324,219.223,433.513,1083.875,196.369,17.648,105.316,331.029,171.525,34.966,208.08,414.572,1064.934
2023-02-01,160.507,197.886,389.71,1058.739,172.265,16.104,123.17,357.491,152.225,31.316,189.492,373.034,1042.063
2023-03-01,181.434,220.988,436.05,1176.628,184.09,17.836,162.524,376.128,166.58,33.627,220.404,420.611,1161.189
2023-04-01,161.247,211.891,404.83,1155.831,171.043,16.917,194.146,368.894,153.298,31.692,206.811,391.8,1142.801
2023-05-01,173.752,227.681,435.219,1189.889,238.631,17.003,220.916,278.121,162.817,33.786,233.877,430.48,1185.15
2023-06-01,167.209,229.485,428.283,1092.943,186.168,16.381,224.38,237.73,155.425,31.589,230.948,417.962,1082.623
2023-07-01,172.948,232.089,437.718,1122.174,189.668,16.578,236.53,241.679,162.954,32.681,223.994,419.629,1104.085
2023-08-01,179.013,229.814,441.412,1111.105,183.759,16.327,224.566,245.042,165.281,32.584,234.683,432.548,1102.242
2023-09-01,170.736,225.733,427.094,1031.657,145.983,16.564,197.327,244.689,157.414,30.626,221.911,409.95,1014.513
2023-10-01,168.251,231.785,433.043,1076.477,135.254,17.647,179.681,310.851,156.827,33.007,233.926,423.76,1067.193
2023-11-01,169.98,229.86,432.608,1048.855,146.932,17.643,137.149,314.524,160.387,32.768,219.473,412.628,1028.875
2023-12-01,181.825,248.078,465.432,1097.405,164.209,18.102,121.392,328.271,166.199,35.53,235.15,436.878,1068.851
2024-01-01,168.163,224.972,427.243,1063.707,189.206,17.639,129.053,300.566,160.104,34.108,211.904,406.116,1042.58
2024-02-01,156.543,226.791,414.326,1120.358,173.468,16.405,158.482,357.677,144.865,30.992,221.424,397.281,1103.314
2024-03-01,169.344,241.366,443.242,1257.014,201.209,16.493,203.391,392.679,156.403,32.533,232.909,421.845,1235.617
2024-04-01,162.792,222.079,415.784,1246.095,167.228,16.727,238.707,407.649,151.656,30.913,218.837,401.406,1231.717
2024-05-01,167.777,231.668,431.972,1248.258,195.151,16.125,271.986,333.023,156.128,32.527,239.549,428.205,1244.491
2024-06-01,160.284,237.359,427.619,1244.878,182.701,16.165,289.924,328.468,148.835,29.976,233.215,412.026,1229.285
2024-07-01,165.913,251.826,449.261,1180.887,182.839,16.825,291.099,240.863,154.41,31.522,251.01,436.942,1168.568
2024-08-01,172.005,249.981,453.456,1188.588,184.324,16.707,286.461,247.639,159.162,31.47,243.776,434.409,1169.54
2024-09-01,165.472,234.89,430.045,1084.035,143.776,16.184,244.538,249.493,153.703,29.683,230.724,414.111,1068.101
